"1"	"1"	"ALTO ORINOCO"	"1"	"2022-06-05 13:13:47"	\N	\N
"2"	"1"	"HUACHAMACARE ACANAÑA"	"1"	"2022-06-05 13:13:47"	\N	\N
"3"	"1"	"MARAWAKA TOKY SHAMANAÑA"	"1"	"2022-06-05 13:13:47"	\N	\N
"4"	"1"	"MAVAKA MAVAKA"	"1"	"2022-06-05 13:13:47"	\N	\N
"5"	"1"	"SIERRA PARIMA PARIMABÉ"	"1"	"2022-06-05 13:13:47"	\N	\N
"6"	"2"	"UCATA LAJA LISA"	"1"	"2022-06-05 13:13:47"	\N	\N
"7"	"2"	"YAPACANA MACURUCO"	"1"	"2022-06-05 13:13:47"	\N	\N
"8"	"2"	"CANAME GUARINUMA"	"1"	"2022-06-05 13:13:47"	\N	\N
"9"	"3"	"FERNANDO GIRÓN TOVAR"	"1"	"2022-06-05 13:13:47"	\N	\N
"10"	"3"	"LUIS ALBERTO GÓMEZ"	"1"	"2022-06-05 13:13:47"	\N	\N
"11"	"3"	"PAHUEÑA LIMÓN DE PARHUEÑA"	"1"	"2022-06-05 13:13:47"	\N	\N
"12"	"3"	"PLATANILLAL PLATANILLAL"	"1"	"2022-06-05 13:13:47"	\N	\N
"13"	"4"	"SAMARIAPO"	"1"	"2022-06-05 13:13:47"	\N	\N
"14"	"4"	"SIPAPO"	"1"	"2022-06-05 13:13:47"	\N	\N
"15"	"4"	"MUNDUAPO"	"1"	"2022-06-05 13:13:47"	\N	\N
"16"	"4"	"GUAYAPO"	"1"	"2022-06-05 13:13:47"	\N	\N
"17"	"5"	"ALTO VENTUARI"	"1"	"2022-06-05 13:13:47"	\N	\N
"18"	"5"	"MEDIO VENTUARI"	"1"	"2022-06-05 13:13:47"	\N	\N
"19"	"5"	"BAJO VENTUARI"	"1"	"2022-06-05 13:13:47"	\N	\N
"20"	"6"	"VICTORINO"	"1"	"2022-06-05 13:13:47"	\N	\N
"21"	"6"	"COMUNIDAD"	"1"	"2022-06-05 13:13:47"	\N	\N
"22"	"7"	"CASIQUIARE"	"1"	"2022-06-05 13:13:47"	\N	\N
"23"	"7"	"COCUY"	"1"	"2022-06-05 13:13:47"	\N	\N
"24"	"7"	"SAN CARLOS DE RÍO NEGRO"	"1"	"2022-06-05 13:13:47"	\N	\N
"25"	"7"	"SOLANO"	"1"	"2022-06-05 13:13:47"	\N	\N
"26"	"8"	"ANACO"	"1"	"2022-06-05 13:13:47"	\N	\N
"27"	"8"	"SAN JOAQUÍN"	"1"	"2022-06-05 13:13:47"	\N	\N
"28"	"9"	"CACHIPO"	"1"	"2022-06-05 13:13:47"	\N	\N
"29"	"9"	"ARAGUA DE BARCELONA"	"1"	"2022-06-05 13:13:47"	\N	\N
"30"	"11"	"LECHERÍA"	"1"	"2022-06-05 13:13:47"	\N	\N
"31"	"11"	"EL MORRO"	"1"	"2022-06-05 13:13:47"	\N	\N
"32"	"12"	"PUERTO PÍRITU"	"1"	"2022-06-05 13:13:47"	\N	\N
"33"	"12"	"SAN MIGUEL"	"1"	"2022-06-05 13:13:47"	\N	\N
"34"	"12"	"SUCRE"	"1"	"2022-06-05 13:13:47"	\N	\N
"35"	"13"	"VALLE DE GUANAPE"	"1"	"2022-06-05 13:13:47"	\N	\N
"36"	"13"	"SANTA BÁRBARA"	"1"	"2022-06-05 13:13:47"	\N	\N
"37"	"14"	"EL CHAPARRO"	"1"	"2022-06-05 13:13:47"	\N	\N
"38"	"14"	"TOMÁS ALFARO"	"1"	"2022-06-05 13:13:47"	\N	\N
"39"	"14"	"CALATRAVA"	"1"	"2022-06-05 13:13:47"	\N	\N
"40"	"15"	"GUANTA"	"1"	"2022-06-05 13:13:47"	\N	\N
"41"	"15"	"CHORRERÓN"	"1"	"2022-06-05 13:13:47"	\N	\N
"42"	"16"	"MAMO"	"1"	"2022-06-05 13:13:47"	\N	\N
"43"	"16"	"SOLEDAD"	"1"	"2022-06-05 13:13:47"	\N	\N
"44"	"17"	"MAPIRE"	"1"	"2022-06-05 13:13:47"	\N	\N
"45"	"17"	"PIAR"	"1"	"2022-06-05 13:13:47"	\N	\N
"46"	"17"	"SANTA CLARA"	"1"	"2022-06-05 13:13:47"	\N	\N
"47"	"17"	"SAN DIEGO DE CABRUTICA"	"1"	"2022-06-05 13:13:47"	\N	\N
"48"	"17"	"UVERITO"	"1"	"2022-06-05 13:13:47"	\N	\N
"49"	"17"	"ZUATA"	"1"	"2022-06-05 13:13:47"	\N	\N
"50"	"18"	"PUERTO LA CRUZ"	"1"	"2022-06-05 13:13:47"	\N	\N
"51"	"18"	"POZUELOS"	"1"	"2022-06-05 13:13:47"	\N	\N
"52"	"19"	"ONOTO"	"1"	"2022-06-05 13:13:47"	\N	\N
"53"	"19"	"SAN PABLO"	"1"	"2022-06-05 13:13:47"	\N	\N
"54"	"20"	"SAN MATEO"	"1"	"2022-06-05 13:13:47"	\N	\N
"55"	"20"	"EL CARITO"	"1"	"2022-06-05 13:13:47"	\N	\N
"56"	"20"	"SANTA INÉS"	"1"	"2022-06-05 13:13:47"	\N	\N
"57"	"20"	"LA ROMEREÑA"	"1"	"2022-06-05 13:13:47"	\N	\N
"58"	"21"	"ATAPIRIRE"	"1"	"2022-06-05 13:13:47"	\N	\N
"59"	"21"	"BOCA DEL PAO"	"1"	"2022-06-05 13:13:47"	\N	\N
"60"	"21"	"EL PAO"	"1"	"2022-06-05 13:13:47"	\N	\N
"61"	"21"	"PARIAGUÁN"	"1"	"2022-06-05 13:13:47"	\N	\N
"62"	"22"	"CANTAURA"	"1"	"2022-06-05 13:13:47"	\N	\N
"63"	"22"	"LIBERTADOR"	"1"	"2022-06-05 13:13:47"	\N	\N
"64"	"22"	"SANTA ROSA"	"1"	"2022-06-05 13:13:47"	\N	\N
"65"	"22"	"URICA"	"1"	"2022-06-05 13:13:47"	\N	\N
"66"	"23"	"PÍRITU"	"1"	"2022-06-05 13:13:47"	\N	\N
"67"	"23"	"SAN FRANCISCO"	"1"	"2022-06-05 13:13:47"	\N	\N
"68"	"24"	"SAN JOSÉ DE GUANIPA"	"1"	"2022-06-05 13:13:47"	\N	\N
"69"	"25"	"BOCA DE UCHIRE"	"1"	"2022-06-05 13:13:47"	\N	\N
"70"	"25"	"BOCA DE CHÁVEZ"	"1"	"2022-06-05 13:13:47"	\N	\N
"71"	"26"	"PUEBLO NUEVO"	"1"	"2022-06-05 13:13:47"	\N	\N
"72"	"26"	"SANTA ANA"	"1"	"2022-06-05 13:13:47"	\N	\N
"73"	"27"	"BERGANTÍN"	"1"	"2022-06-05 13:13:47"	\N	\N
"74"	"27"	"CAIGUA"	"1"	"2022-06-05 13:13:47"	\N	\N
"75"	"27"	"EL CARMEN"	"1"	"2022-06-05 13:13:47"	\N	\N
"76"	"27"	"EL PILAR"	"1"	"2022-06-05 13:13:47"	\N	\N
"77"	"27"	"NARICUAL"	"1"	"2022-06-05 13:13:47"	\N	\N
"78"	"27"	"SAN CRSITÓBAL"	"1"	"2022-06-05 13:13:47"	\N	\N
"79"	"28"	"EDMUNDO BARRIOS"	"1"	"2022-06-05 13:13:47"	\N	\N
"80"	"28"	"MIGUEL OTERO SILVA"	"1"	"2022-06-05 13:13:47"	\N	\N
"81"	"29"	"ACHAGUAS"	"1"	"2022-06-05 13:13:47"	\N	\N
"82"	"29"	"APURITO"	"1"	"2022-06-05 13:13:47"	\N	\N
"83"	"29"	"EL YAGUAL"	"1"	"2022-06-05 13:13:47"	\N	\N
"84"	"29"	"GUACHARA"	"1"	"2022-06-05 13:13:47"	\N	\N
"85"	"29"	"MUCURITAS"	"1"	"2022-06-05 13:13:47"	\N	\N
"86"	"29"	"QUESERAS DEL MEDIO"	"1"	"2022-06-05 13:13:47"	\N	\N
"87"	"30"	"BIRUACA"	"1"	"2022-06-05 13:13:47"	\N	\N
"88"	"31"	"BRUZUAL"	"1"	"2022-06-05 13:13:47"	\N	\N
"89"	"31"	"MANTECAL"	"1"	"2022-06-05 13:13:47"	\N	\N
"90"	"31"	"QUINTERO"	"1"	"2022-06-05 13:13:47"	\N	\N
"91"	"31"	"RINCÓN HONDO"	"1"	"2022-06-05 13:13:47"	\N	\N
"92"	"31"	"SAN VICENTE"	"1"	"2022-06-05 13:13:47"	\N	\N
"93"	"32"	"GUASDUALITO"	"1"	"2022-06-05 13:13:47"	\N	\N
"94"	"32"	"ARAMENDI"	"1"	"2022-06-05 13:13:47"	\N	\N
"95"	"32"	"EL AMPARO"	"1"	"2022-06-05 13:13:47"	\N	\N
"96"	"32"	"SAN CAMILO"	"1"	"2022-06-05 13:13:47"	\N	\N
"97"	"32"	"URDANETA"	"1"	"2022-06-05 13:13:47"	\N	\N
"98"	"33"	"SAN JUAN DE PAYARA"	"1"	"2022-06-05 13:13:47"	\N	\N
"99"	"33"	"CODAZZI"	"1"	"2022-06-05 13:13:47"	\N	\N
"100"	"33"	"CUNAVICHE"	"1"	"2022-06-05 13:13:47"	\N	\N
"101"	"34"	"ELORZA"	"1"	"2022-06-05 13:13:47"	\N	\N
"102"	"34"	"LA TRINIDAD"	"1"	"2022-06-05 13:13:47"	\N	\N
"103"	"35"	"SAN FERNANDO"	"1"	"2022-06-05 13:13:47"	\N	\N
"104"	"35"	"EL RECREO"	"1"	"2022-06-05 13:13:47"	\N	\N
"105"	"35"	"PEÑALVER"	"1"	"2022-06-05 13:13:47"	\N	\N
"106"	"35"	"SAN RAFAEL DE ATAMAICA"	"1"	"2022-06-05 13:13:47"	\N	\N
"107"	"36"	"PEDRO JOSÉ OVALLES"	"1"	"2022-06-05 13:13:47"	\N	\N
"108"	"36"	"JOAQUÍN CRESPO"	"1"	"2022-06-05 13:13:47"	\N	\N
"109"	"36"	"JOSÉ CASANOVA GODOY"	"1"	"2022-06-05 13:13:47"	\N	\N
"110"	"36"	"MADRE MARÍA DE SAN JOSÉ"	"1"	"2022-06-05 13:13:47"	\N	\N
"111"	"36"	"ANDRÉS ELOY BLANCO"	"1"	"2022-06-05 13:13:47"	\N	\N
"112"	"36"	"LOS TACARIGUA"	"1"	"2022-06-05 13:13:47"	\N	\N
"113"	"36"	"LAS DELICIAS"	"1"	"2022-06-05 13:13:47"	\N	\N
"114"	"36"	"CHORONÍ"	"1"	"2022-06-05 13:13:47"	\N	\N
"115"	"37"	"BOLÍVAR"	"1"	"2022-06-05 13:13:47"	\N	\N
"116"	"38"	"CAMATAGUA"	"1"	"2022-06-05 13:13:47"	\N	\N
"117"	"38"	"CARMEN DE CURA"	"1"	"2022-06-05 13:13:47"	\N	\N
"118"	"39"	"SANTA RITA"	"1"	"2022-06-05 13:13:47"	\N	\N
"119"	"39"	"FRANCISCO DE MIRANDA"	"1"	"2022-06-05 13:13:47"	\N	\N
"120"	"39"	"MOSEÑOR FELICIANO GONZÁLEZ"	"1"	"2022-06-05 13:13:47"	\N	\N
"121"	"40"	"SANTA CRUZ"	"1"	"2022-06-05 13:13:47"	\N	\N
"122"	"41"	"JOSÉ FÉLIX RIBAS"	"1"	"2022-06-05 13:13:47"	\N	\N
"123"	"41"	"CASTOR NIEVES RÍOS"	"1"	"2022-06-05 13:13:47"	\N	\N
"124"	"41"	"LAS GUACAMAYAS"	"1"	"2022-06-05 13:13:47"	\N	\N
"125"	"41"	"PAO DE ZÁRATE"	"1"	"2022-06-05 13:13:47"	\N	\N
"126"	"41"	"ZUATA"	"1"	"2022-06-05 13:13:47"	\N	\N
"127"	"42"	"JOSÉ RAFAEL REVENGA"	"1"	"2022-06-05 13:13:47"	\N	\N
"128"	"43"	"PALO NEGRO"	"1"	"2022-06-05 13:13:47"	\N	\N
"129"	"43"	"SAN MARTÍN DE PORRES"	"1"	"2022-06-05 13:13:47"	\N	\N
"130"	"44"	"EL LIMÓN"	"1"	"2022-06-05 13:13:47"	\N	\N
"131"	"44"	"CAÑA DE AZÚCAR"	"1"	"2022-06-05 13:13:47"	\N	\N
"132"	"45"	"OCUMARE DE LA COSTA"	"1"	"2022-06-05 13:13:47"	\N	\N
"133"	"46"	"SAN CASIMIRO"	"1"	"2022-06-05 13:13:47"	\N	\N
"134"	"46"	"GÜIRIPA"	"1"	"2022-06-05 13:13:47"	\N	\N
"135"	"46"	"OLLAS DE CARAMACATE"	"1"	"2022-06-05 13:13:47"	\N	\N
"136"	"46"	"VALLE MORÍN"	"1"	"2022-06-05 13:13:47"	\N	\N
"137"	"47"	"SAN SEBASTÍAN"	"1"	"2022-06-05 13:13:47"	\N	\N
"138"	"48"	"TURMERO"	"1"	"2022-06-05 13:13:47"	\N	\N
"139"	"48"	"AREVALO APONTE"	"1"	"2022-06-05 13:13:47"	\N	\N
"140"	"48"	"CHUAO"	"1"	"2022-06-05 13:13:47"	\N	\N
"141"	"48"	"SAMÁN DE GÜERE"	"1"	"2022-06-05 13:13:47"	\N	\N
"142"	"48"	"ALFREDO PACHECO MIRANDA"	"1"	"2022-06-05 13:13:47"	\N	\N
"143"	"49"	"SANTOS MICHELENA"	"1"	"2022-06-05 13:13:47"	\N	\N
"144"	"49"	"TIARA"	"1"	"2022-06-05 13:13:47"	\N	\N
"145"	"50"	"CAGUA"	"1"	"2022-06-05 13:13:47"	\N	\N
"146"	"50"	"BELLA VISTA"	"1"	"2022-06-05 13:13:47"	\N	\N
"147"	"51"	"TOVAR"	"1"	"2022-06-05 13:13:47"	\N	\N
"148"	"52"	"URDANETA"	"1"	"2022-06-05 13:13:47"	\N	\N
"149"	"52"	"LAS PEÑITAS"	"1"	"2022-06-05 13:13:47"	\N	\N
"150"	"52"	"SAN FRANCISCO DE CARA"	"1"	"2022-06-05 13:13:47"	\N	\N
"151"	"52"	"TAGUAY"	"1"	"2022-06-05 13:13:47"	\N	\N
"152"	"53"	"ZAMORA"	"1"	"2022-06-05 13:13:47"	\N	\N
"153"	"53"	"MAGDALENO"	"1"	"2022-06-05 13:13:47"	\N	\N
"154"	"53"	"SAN FRANCISCO DE ASÍS"	"1"	"2022-06-05 13:13:47"	\N	\N
"155"	"53"	"VALLES DE TUCUTUNEMO"	"1"	"2022-06-05 13:13:47"	\N	\N
"156"	"53"	"AUGUSTO MIJARES"	"1"	"2022-06-05 13:13:47"	\N	\N
"157"	"54"	"SABANETA"	"1"	"2022-06-05 13:13:47"	\N	\N
"158"	"54"	"JUAN ANTONIO RODRÍGUEZ DOMÍNGUEZ"	"1"	"2022-06-05 13:13:47"	\N	\N
"159"	"55"	"EL CANTÓN"	"1"	"2022-06-05 13:13:47"	\N	\N
"160"	"55"	"SANTA CRUZ DE GUACAS"	"1"	"2022-06-05 13:13:47"	\N	\N
"161"	"55"	"PUERTO VIVAS"	"1"	"2022-06-05 13:13:47"	\N	\N
"162"	"56"	"TICOPORO"	"1"	"2022-06-05 13:13:47"	\N	\N
"163"	"56"	"NICOLÁS PULIDO"	"1"	"2022-06-05 13:13:47"	\N	\N
"164"	"56"	"ANDRÉS BELLO"	"1"	"2022-06-05 13:13:47"	\N	\N
"165"	"57"	"ARISMENDI"	"1"	"2022-06-05 13:13:47"	\N	\N
"166"	"57"	"GUADARRAMA"	"1"	"2022-06-05 13:13:47"	\N	\N
"167"	"57"	"LA UNIÓN"	"1"	"2022-06-05 13:13:47"	\N	\N
"168"	"57"	"SAN ANTONIO"	"1"	"2022-06-05 13:13:47"	\N	\N
"169"	"58"	"BARINAS"	"1"	"2022-06-05 13:13:47"	\N	\N
"170"	"58"	"ALBERTO ARVELO LARRIVA"	"1"	"2022-06-05 13:13:47"	\N	\N
"171"	"58"	"SAN SILVESTRE"	"1"	"2022-06-05 13:13:47"	\N	\N
"172"	"58"	"SANTA INÉS"	"1"	"2022-06-05 13:13:47"	\N	\N
"173"	"58"	"SANTA LUCÍA"	"1"	"2022-06-05 13:13:47"	\N	\N
"174"	"58"	"TORUMOS"	"1"	"2022-06-05 13:13:47"	\N	\N
"175"	"58"	"EL CARMEN"	"1"	"2022-06-05 13:13:47"	\N	\N
"176"	"58"	"RÓMULO BETANCOURT"	"1"	"2022-06-05 13:13:47"	\N	\N
"177"	"58"	"CORAZÓN DE JESÚS"	"1"	"2022-06-05 13:13:47"	\N	\N
"178"	"58"	"RAMÓN IGNACIO MÉNDEZ"	"1"	"2022-06-05 13:13:47"	\N	\N
"179"	"58"	"ALTO BARINAS"	"1"	"2022-06-05 13:13:47"	\N	\N
"180"	"58"	"MANUEL PALACIO FAJARDO"	"1"	"2022-06-05 13:13:47"	\N	\N
"181"	"58"	"JUAN ANTONIO RODRÍGUEZ DOMÍNGUEZ"	"1"	"2022-06-05 13:13:47"	\N	\N
"182"	"58"	"DOMINGA ORTIZ DE PÁEZ"	"1"	"2022-06-05 13:13:47"	\N	\N
"183"	"59"	"BARINITAS"	"1"	"2022-06-05 13:13:47"	\N	\N
"184"	"59"	"ALTAMIRA DE CÁCERES"	"1"	"2022-06-05 13:13:47"	\N	\N
"185"	"59"	"CALDERAS"	"1"	"2022-06-05 13:13:47"	\N	\N
"186"	"60"	"BARRANCAS"	"1"	"2022-06-05 13:13:47"	\N	\N
"187"	"60"	"EL SOCORRO"	"1"	"2022-06-05 13:13:47"	\N	\N
"188"	"60"	"MAZPARRITO"	"1"	"2022-06-05 13:13:47"	\N	\N
"189"	"61"	"SANTA BÁRBARA"	"1"	"2022-06-05 13:13:47"	\N	\N
"190"	"61"	"PEDRO BRICEÑO MÉNDEZ"	"1"	"2022-06-05 13:13:47"	\N	\N
"191"	"61"	"RAMÓN IGNACIO MÉNDEZ"	"1"	"2022-06-05 13:13:47"	\N	\N
"192"	"61"	"JOSÉ IGNACIO DEL PUMAR"	"1"	"2022-06-05 13:13:47"	\N	\N
"193"	"62"	"OBISPOS"	"1"	"2022-06-05 13:13:47"	\N	\N
"194"	"62"	"GUASIMITOS"	"1"	"2022-06-05 13:13:47"	\N	\N
"195"	"62"	"EL REAL"	"1"	"2022-06-05 13:13:47"	\N	\N
"196"	"62"	"LA LUZ"	"1"	"2022-06-05 13:13:47"	\N	\N
"197"	"63"	"CIUDAD BOLÍVIA"	"1"	"2022-06-05 13:13:47"	\N	\N
"198"	"63"	"JOSÉ IGNACIO BRICEÑO"	"1"	"2022-06-05 13:13:47"	\N	\N
"199"	"63"	"JOSÉ FÉLIX RIBAS"	"1"	"2022-06-05 13:13:47"	\N	\N
"200"	"63"	"PÁEZ"	"1"	"2022-06-05 13:13:47"	\N	\N
"201"	"64"	"LIBERTAD"	"1"	"2022-06-05 13:13:47"	\N	\N
"202"	"64"	"DOLORES"	"1"	"2022-06-05 13:13:47"	\N	\N
"203"	"64"	"SANTA ROSA"	"1"	"2022-06-05 13:13:47"	\N	\N
"204"	"64"	"PALACIO FAJARDO"	"1"	"2022-06-05 13:13:47"	\N	\N
"205"	"65"	"CIUDAD DE NUTRIAS"	"1"	"2022-06-05 13:13:47"	\N	\N
"206"	"65"	"EL REGALO"	"1"	"2022-06-05 13:13:47"	\N	\N
"207"	"65"	"PUERTO NUTRIAS"	"1"	"2022-06-05 13:13:47"	\N	\N
"208"	"65"	"SANTA CATALINA"	"1"	"2022-06-05 13:13:47"	\N	\N
"209"	"66"	"CACHAMAY"	"1"	"2022-06-05 13:13:47"	\N	\N
"210"	"66"	"CHIRICA"	"1"	"2022-06-05 13:13:47"	\N	\N
"211"	"66"	"DALLA COSTA"	"1"	"2022-06-05 13:13:47"	\N	\N
"212"	"66"	"ONCE DE ABRIL"	"1"	"2022-06-05 13:13:47"	\N	\N
"213"	"66"	"SIMÓN BOLÍVAR"	"1"	"2022-06-05 13:13:47"	\N	\N
"214"	"66"	"UNARE"	"1"	"2022-06-05 13:13:47"	\N	\N
"215"	"66"	"UNIVERSIDAD"	"1"	"2022-06-05 13:13:47"	\N	\N
"216"	"66"	"VISTA AL SOL"	"1"	"2022-06-05 13:13:47"	\N	\N
"217"	"66"	"POZO VERDE"	"1"	"2022-06-05 13:13:47"	\N	\N
"218"	"66"	"YOCOIMA"	"1"	"2022-06-05 13:13:47"	\N	\N
"219"	"66"	"5 DE JULIO"	"1"	"2022-06-05 13:13:47"	\N	\N
"220"	"67"	"CEDEÑO"	"1"	"2022-06-05 13:13:47"	\N	\N
"221"	"67"	"ALTAGRACIA"	"1"	"2022-06-05 13:13:47"	\N	\N
"222"	"67"	"ASCENSIÓN FARRERAS"	"1"	"2022-06-05 13:13:47"	\N	\N
"223"	"67"	"GUANIAMO"	"1"	"2022-06-05 13:13:47"	\N	\N
"224"	"67"	"LA URBANA"	"1"	"2022-06-05 13:13:47"	\N	\N
"225"	"67"	"PIJIGUAOS"	"1"	"2022-06-05 13:13:47"	\N	\N
"226"	"68"	"EL CALLAO"	"1"	"2022-06-05 13:13:47"	\N	\N
"227"	"69"	"GRAN SABANA"	"1"	"2022-06-05 13:13:47"	\N	\N
"228"	"69"	"IKABARÚ"	"1"	"2022-06-05 13:13:47"	\N	\N
"229"	"70"	"CATEDRAL"	"1"	"2022-06-05 13:13:47"	\N	\N
"230"	"70"	"ZEA"	"1"	"2022-06-05 13:13:47"	\N	\N
"231"	"70"	"ORINOCO"	"1"	"2022-06-05 13:13:47"	\N	\N
"232"	"70"	"JOSÉ ANTONIO PÁEZ"	"1"	"2022-06-05 13:13:47"	\N	\N
"233"	"70"	"MARHUANTA"	"1"	"2022-06-05 13:13:47"	\N	\N
"234"	"70"	"AGUA SALADA"	"1"	"2022-06-05 13:13:47"	\N	\N
"235"	"70"	"VISTA HERMOSA"	"1"	"2022-06-05 13:13:47"	\N	\N
"236"	"70"	"LA SABANITA"	"1"	"2022-06-05 13:13:47"	\N	\N
"237"	"70"	"PANAPANA"	"1"	"2022-06-05 13:13:47"	\N	\N
"238"	"71"	"ANDRÉS ELOY BLANCO"	"1"	"2022-06-05 13:13:47"	\N	\N
"239"	"71"	"PEDRO COVA"	"1"	"2022-06-05 13:13:47"	\N	\N
"240"	"72"	"RAÚL LEONI"	"1"	"2022-06-05 13:13:47"	\N	\N
"241"	"72"	"BARCELONETA"	"1"	"2022-06-05 13:13:47"	\N	\N
"242"	"72"	"SANTA BÁRBARA"	"1"	"2022-06-05 13:13:47"	\N	\N
"243"	"72"	"SAN FRANCISCO"	"1"	"2022-06-05 13:13:47"	\N	\N
"244"	"73"	"ROSCIO"	"1"	"2022-06-05 13:13:47"	\N	\N
"245"	"73"	"SALÓM"	"1"	"2022-06-05 13:13:47"	\N	\N
"246"	"74"	"SIFONTES"	"1"	"2022-06-05 13:13:47"	\N	\N
"247"	"74"	"DALLA COSTA"	"1"	"2022-06-05 13:13:47"	\N	\N
"248"	"74"	"SAN ISIDRO"	"1"	"2022-06-05 13:13:47"	\N	\N
"249"	"75"	"SUCRE"	"1"	"2022-06-05 13:13:47"	\N	\N
"250"	"75"	"ARIPAO"	"1"	"2022-06-05 13:13:47"	\N	\N
"251"	"75"	"GUARATARO"	"1"	"2022-06-05 13:13:47"	\N	\N
"252"	"75"	"LAS MAJADAS"	"1"	"2022-06-05 13:13:47"	\N	\N
"253"	"75"	"MOITACO"	"1"	"2022-06-05 13:13:47"	\N	\N
"254"	"76"	"PADRE PEDRO CHIEN"	"1"	"2022-06-05 13:13:47"	\N	\N
"255"	"76"	"RÍO GRANDE"	"1"	"2022-06-05 13:13:47"	\N	\N
"256"	"77"	"BEJUMA"	"1"	"2022-06-05 13:13:47"	\N	\N
"257"	"77"	"CANOABO"	"1"	"2022-06-05 13:13:47"	\N	\N
"258"	"77"	"SIMÓN BOLÍVAR"	"1"	"2022-06-05 13:13:47"	\N	\N
"259"	"78"	"GÜIGÜE"	"1"	"2022-06-05 13:13:47"	\N	\N
"260"	"78"	"CARABOBO"	"1"	"2022-06-05 13:13:47"	\N	\N
"261"	"78"	"TACARIGUA"	"1"	"2022-06-05 13:13:47"	\N	\N
"262"	"79"	"MARIARA"	"1"	"2022-06-05 13:13:47"	\N	\N
"263"	"79"	"AGUAS CALIENTES"	"1"	"2022-06-05 13:13:47"	\N	\N
"264"	"80"	"CIUDAD ALIANZA"	"1"	"2022-06-05 13:13:47"	\N	\N
"265"	"80"	"GUACARA"	"1"	"2022-06-05 13:13:47"	\N	\N
"266"	"80"	"YAGUA"	"1"	"2022-06-05 13:13:47"	\N	\N
"267"	"81"	"MORÓN"	"1"	"2022-06-05 13:13:47"	\N	\N
"268"	"81"	"YAGUA"	"1"	"2022-06-05 13:13:47"	\N	\N
"269"	"82"	"TOCUYITO"	"1"	"2022-06-05 13:13:47"	\N	\N
"270"	"82"	"INDEPENDENCIA"	"1"	"2022-06-05 13:13:47"	\N	\N
"271"	"83"	"LOS GUAYOS"	"1"	"2022-06-05 13:13:47"	\N	\N
"272"	"84"	"MIRANDA"	"1"	"2022-06-05 13:13:47"	\N	\N
"273"	"85"	"MONTALBÁN"	"1"	"2022-06-05 13:13:47"	\N	\N
"274"	"86"	"NAGUANAGUA"	"1"	"2022-06-05 13:13:47"	\N	\N
"275"	"87"	"BARTOLOMÉ SALÓM"	"1"	"2022-06-05 13:13:47"	\N	\N
"276"	"87"	"DEMOCRACIA"	"1"	"2022-06-05 13:13:47"	\N	\N
"277"	"87"	"FRATERNIDAD"	"1"	"2022-06-05 13:13:47"	\N	\N
"278"	"87"	"GOAIGOAZA"	"1"	"2022-06-05 13:13:47"	\N	\N
"279"	"87"	"JUAN JOSÉ FLORES"	"1"	"2022-06-05 13:13:47"	\N	\N
"280"	"87"	"UNIÓN"	"1"	"2022-06-05 13:13:47"	\N	\N
"281"	"87"	"BORBURATA"	"1"	"2022-06-05 13:13:47"	\N	\N
"282"	"87"	"PATANEMO"	"1"	"2022-06-05 13:13:47"	\N	\N
"283"	"88"	"SAN DIEGO"	"1"	"2022-06-05 13:13:47"	\N	\N
"284"	"89"	"SAN JOAQUÍN"	"1"	"2022-06-05 13:13:47"	\N	\N
"285"	"90"	"CANDELARIA"	"1"	"2022-06-05 13:13:47"	\N	\N
"286"	"90"	"CATEDRAL"	"1"	"2022-06-05 13:13:47"	\N	\N
"287"	"90"	"EL SOCORRO"	"1"	"2022-06-05 13:13:47"	\N	\N
"288"	"90"	"MIGUEL PEÑA"	"1"	"2022-06-05 13:13:47"	\N	\N
"289"	"90"	"RAFAEL URDANETA"	"1"	"2022-06-05 13:13:47"	\N	\N
"290"	"90"	"SAN BLAS"	"1"	"2022-06-05 13:13:47"	\N	\N
"291"	"90"	"SAN JOSÉ"	"1"	"2022-06-05 13:13:47"	\N	\N
"292"	"90"	"SANTA ROSA"	"1"	"2022-06-05 13:13:47"	\N	\N
"293"	"90"	"NEGRO PRIMERO"	"1"	"2022-06-05 13:13:47"	\N	\N
"294"	"91"	"COJEDES"	"1"	"2022-06-05 13:13:47"	\N	\N
"295"	"91"	"JUAN DE MATA SUÁREZ"	"1"	"2022-06-05 13:13:47"	\N	\N
"296"	"92"	"TINAQUILLO"	"1"	"2022-06-05 13:13:47"	\N	\N
"297"	"93"	"EL BAÚL"	"1"	"2022-06-05 13:13:47"	\N	\N
"298"	"93"	"SUCRE"	"1"	"2022-06-05 13:13:47"	\N	\N
"299"	"94"	"LA AGUADITA"	"1"	"2022-06-05 13:13:47"	\N	\N
"300"	"94"	"MACAPO"	"1"	"2022-06-05 13:13:47"	\N	\N
"301"	"95"	"EL PAO"	"1"	"2022-06-05 13:13:47"	\N	\N
"302"	"96"	"EL AMPARO"	"1"	"2022-06-05 13:13:47"	\N	\N
"303"	"96"	"LIBERTAD DE COJEDES"	"1"	"2022-06-05 13:13:47"	\N	\N
"304"	"97"	"RÓMULO GALLEGOS"	"1"	"2022-06-05 13:13:47"	\N	\N
"305"	"98"	"SAN CARLOS DE AUSTRIA"	"1"	"2022-06-05 13:13:47"	\N	\N
"306"	"98"	"JUAN ÁNGEL BRAVO"	"1"	"2022-06-05 13:13:47"	\N	\N
"307"	"98"	"MANUEL MANRIQUE"	"1"	"2022-06-05 13:13:47"	\N	\N
"308"	"99"	"GENERAL EN JEFE JOSÉ LAURENCIO SILVA"	"1"	"2022-06-05 13:13:47"	\N	\N
"309"	"100"	"CURIAPO"	"1"	"2022-06-05 13:13:47"	\N	\N
"310"	"100"	"ALMIRANTE LUIS BRIÓN"	"1"	"2022-06-05 13:13:47"	\N	\N
"311"	"100"	"FRANCISCO ANICETO LUGO"	"1"	"2022-06-05 13:13:47"	\N	\N
"312"	"100"	"MANUEL RENAUD"	"1"	"2022-06-05 13:13:47"	\N	\N
"313"	"100"	"PADRE BARRAL"	"1"	"2022-06-05 13:13:47"	\N	\N
"314"	"100"	"SANTOS DE ABELGAS"	"1"	"2022-06-05 13:13:47"	\N	\N
"315"	"101"	"IMATACA"	"1"	"2022-06-05 13:13:47"	\N	\N
"316"	"101"	"CINCO DE JULIO"	"1"	"2022-06-05 13:13:47"	\N	\N
"317"	"101"	"JUAN BAUTISTA ARISMENDI"	"1"	"2022-06-05 13:13:47"	\N	\N
"318"	"101"	"MANUEL PIAR"	"1"	"2022-06-05 13:13:47"	\N	\N
"319"	"101"	"RÓMULO GALLEGOS"	"1"	"2022-06-05 13:13:47"	\N	\N
"320"	"102"	"PEDERNALES"	"1"	"2022-06-05 13:13:47"	\N	\N
"321"	"102"	"LUIS BELTRÁN PRIETO FIGUEROA"	"1"	"2022-06-05 13:13:47"	\N	\N
"322"	"103"	"SAN JOSÉ (DELTA AMACURO)"	"1"	"2022-06-05 13:13:47"	\N	\N
"323"	"103"	"JOSÉ VIDAL MARCANO"	"1"	"2022-06-05 13:13:47"	\N	\N
"324"	"103"	"JUAN MILLÁN"	"1"	"2022-06-05 13:13:47"	\N	\N
"325"	"103"	"LEONARDO RUÍZ PINEDA"	"1"	"2022-06-05 13:13:47"	\N	\N
"326"	"103"	"MARISCAL ANTONIO JOSÉ DE SUCRE"	"1"	"2022-06-05 13:13:47"	\N	\N
"327"	"103"	"MONSEÑOR ARGIMIRO GARCÍA"	"1"	"2022-06-05 13:13:47"	\N	\N
"328"	"103"	"SAN RAFAEL (DELTA AMACURO)"	"1"	"2022-06-05 13:13:47"	\N	\N
"329"	"103"	"VIRGEN DEL VALLE"	"1"	"2022-06-05 13:13:47"	\N	\N
"330"	"10"	"CLARINES"	"1"	"2022-06-05 13:13:47"	\N	\N
"331"	"10"	"GUANAPE"	"1"	"2022-06-05 13:13:47"	\N	\N
"332"	"10"	"SABANA DE UCHIRE"	"1"	"2022-06-05 13:13:47"	\N	\N
"333"	"104"	"CAPADARE"	"1"	"2022-06-05 13:13:47"	\N	\N
"334"	"104"	"LA PASTORA"	"1"	"2022-06-05 13:13:47"	\N	\N
"335"	"104"	"LIBERTADOR"	"1"	"2022-06-05 13:13:47"	\N	\N
"336"	"104"	"SAN JUAN DE LOS CAYOS"	"1"	"2022-06-05 13:13:47"	\N	\N
"337"	"105"	"ARACUA"	"1"	"2022-06-05 13:13:47"	\N	\N
"338"	"105"	"LA PEÑA"	"1"	"2022-06-05 13:13:47"	\N	\N
"339"	"105"	"SAN LUIS"	"1"	"2022-06-05 13:13:47"	\N	\N
"340"	"106"	"BARIRO"	"1"	"2022-06-05 13:13:47"	\N	\N
"341"	"106"	"BOROJÓ"	"1"	"2022-06-05 13:13:47"	\N	\N
"342"	"106"	"CAPATÁRIDA"	"1"	"2022-06-05 13:13:47"	\N	\N
"343"	"106"	"GUAJIRO"	"1"	"2022-06-05 13:13:47"	\N	\N
"344"	"106"	"SEQUE"	"1"	"2022-06-05 13:13:47"	\N	\N
"345"	"106"	"ZAZÁRIDA"	"1"	"2022-06-05 13:13:47"	\N	\N
"346"	"106"	"VALLE DE EROA"	"1"	"2022-06-05 13:13:47"	\N	\N
"347"	"107"	"CACIQUE MANAURE"	"1"	"2022-06-05 13:13:47"	\N	\N
"348"	"108"	"NORTE"	"1"	"2022-06-05 13:13:47"	\N	\N
"349"	"108"	"CARIRUBANA"	"1"	"2022-06-05 13:13:47"	\N	\N
"350"	"108"	"SANTA ANA"	"1"	"2022-06-05 13:13:47"	\N	\N
"351"	"108"	"URBANA PUNTA CARDÓN"	"1"	"2022-06-05 13:13:47"	\N	\N
"352"	"109"	"LA VELA DE CORO"	"1"	"2022-06-05 13:13:47"	\N	\N
"353"	"109"	"ACURIGUA"	"1"	"2022-06-05 13:13:47"	\N	\N
"354"	"109"	"GUAIBACOA"	"1"	"2022-06-05 13:13:47"	\N	\N
"355"	"109"	"LAS CALDERAS"	"1"	"2022-06-05 13:13:47"	\N	\N
"356"	"109"	"MACORUCA"	"1"	"2022-06-05 13:13:47"	\N	\N
"357"	"110"	"DABAJURO"	"1"	"2022-06-05 13:13:47"	\N	\N
"358"	"111"	"AGUA CLARA"	"1"	"2022-06-05 13:13:47"	\N	\N
"359"	"111"	"AVARIA"	"1"	"2022-06-05 13:13:47"	\N	\N
"360"	"111"	"PEDREGAL"	"1"	"2022-06-05 13:13:47"	\N	\N
"361"	"111"	"PIEDRA GRANDE"	"1"	"2022-06-05 13:13:47"	\N	\N
"362"	"111"	"PURURECHE"	"1"	"2022-06-05 13:13:47"	\N	\N
"363"	"112"	"ADAURE"	"1"	"2022-06-05 13:13:47"	\N	\N
"364"	"112"	"ADÍCORA"	"1"	"2022-06-05 13:13:47"	\N	\N
"365"	"112"	"BARAIVED"	"1"	"2022-06-05 13:13:47"	\N	\N
"366"	"112"	"BUENA VISTA"	"1"	"2022-06-05 13:13:47"	\N	\N
"367"	"112"	"JADACAQUIVA"	"1"	"2022-06-05 13:13:47"	\N	\N
"368"	"112"	"EL VÍNCULO"	"1"	"2022-06-05 13:13:47"	\N	\N
"369"	"112"	"EL HATO"	"1"	"2022-06-05 13:13:47"	\N	\N
"370"	"112"	"MORUY"	"1"	"2022-06-05 13:13:47"	\N	\N
"371"	"112"	"PUEBLO NUEVO"	"1"	"2022-06-05 13:13:47"	\N	\N
"372"	"113"	"AGUA LARGA"	"1"	"2022-06-05 13:13:47"	\N	\N
"373"	"113"	"EL PAUJÍ"	"1"	"2022-06-05 13:13:47"	\N	\N
"374"	"113"	"INDEPENDENCIA"	"1"	"2022-06-05 13:13:47"	\N	\N
"375"	"113"	"MAPARARÍ"	"1"	"2022-06-05 13:13:47"	\N	\N
"376"	"114"	"AGUA LINDA"	"1"	"2022-06-05 13:13:47"	\N	\N
"377"	"114"	"ARAURIMA"	"1"	"2022-06-05 13:13:47"	\N	\N
"378"	"114"	"JACURA"	"1"	"2022-06-05 13:13:47"	\N	\N
"379"	"115"	"TUCACAS"	"1"	"2022-06-05 13:13:47"	\N	\N
"380"	"115"	"BOCA DE AROA"	"1"	"2022-06-05 13:13:47"	\N	\N
"381"	"116"	"LOS TAQUES"	"1"	"2022-06-05 13:13:47"	\N	\N
"382"	"116"	"JUDIBANA"	"1"	"2022-06-05 13:13:47"	\N	\N
"383"	"117"	"MENE DE MAUROA"	"1"	"2022-06-05 13:13:47"	\N	\N
"384"	"117"	"SAN FÉLIX"	"1"	"2022-06-05 13:13:47"	\N	\N
"385"	"117"	"CASIGUA"	"1"	"2022-06-05 13:13:47"	\N	\N
"386"	"118"	"GUZMÁN GUILLERMO"	"1"	"2022-06-05 13:13:47"	\N	\N
"387"	"118"	"MITARE"	"1"	"2022-06-05 13:13:47"	\N	\N
"388"	"118"	"RÍO SECO"	"1"	"2022-06-05 13:13:47"	\N	\N
"389"	"118"	"SABANETA"	"1"	"2022-06-05 13:13:47"	\N	\N
"390"	"118"	"SAN ANTONIO"	"1"	"2022-06-05 13:13:47"	\N	\N
"391"	"118"	"SAN GABRIEL"	"1"	"2022-06-05 13:13:47"	\N	\N
"392"	"118"	"SANTA ANA"	"1"	"2022-06-05 13:13:47"	\N	\N
"393"	"119"	"BOCA DEL TOCUYO"	"1"	"2022-06-05 13:13:47"	\N	\N
"394"	"119"	"CHICHIRIVICHE"	"1"	"2022-06-05 13:13:47"	\N	\N
"395"	"119"	"TOCUYO DE LA COSTA"	"1"	"2022-06-05 13:13:47"	\N	\N
"396"	"120"	"PALMASOLA"	"1"	"2022-06-05 13:13:47"	\N	\N
"397"	"121"	"CABURE"	"1"	"2022-06-05 13:13:47"	\N	\N
"398"	"121"	"COLINA"	"1"	"2022-06-05 13:13:47"	\N	\N
"399"	"121"	"CURIMAGUA"	"1"	"2022-06-05 13:13:47"	\N	\N
"400"	"122"	"SAN JOSÉ DE LA COSTA"	"1"	"2022-06-05 13:13:47"	\N	\N
"401"	"122"	"PÍRITU"	"1"	"2022-06-05 13:13:47"	\N	\N
"402"	"123"	"SAN FRANCISCO"	"1"	"2022-06-05 13:13:47"	\N	\N
"403"	"124"	"SUCRE"	"1"	"2022-06-05 13:13:47"	\N	\N
"404"	"124"	"PECAYA"	"1"	"2022-06-05 13:13:47"	\N	\N
"405"	"125"	"TOCÓPERO"	"1"	"2022-06-05 13:13:47"	\N	\N
"406"	"126"	"EL CHARAL"	"1"	"2022-06-05 13:13:47"	\N	\N
"407"	"126"	"LAS VEGAS DEL TUY"	"1"	"2022-06-05 13:13:47"	\N	\N
"408"	"126"	"SANTA CRUZ DE BUCARAL"	"1"	"2022-06-05 13:13:47"	\N	\N
"409"	"127"	"BRUZUAL"	"1"	"2022-06-05 13:13:47"	\N	\N
"410"	"127"	"URUMACO"	"1"	"2022-06-05 13:13:47"	\N	\N
"411"	"128"	"PUERTO CUMAREBO"	"1"	"2022-06-05 13:13:47"	\N	\N
"412"	"128"	"LA CIÉNAGA"	"1"	"2022-06-05 13:13:47"	\N	\N
"413"	"128"	"LA SOLEDAD"	"1"	"2022-06-05 13:13:47"	\N	\N
"414"	"128"	"PUEBLO CUMAREBO"	"1"	"2022-06-05 13:13:47"	\N	\N
"415"	"128"	"ZAZÁRIDA"	"1"	"2022-06-05 13:13:47"	\N	\N
"416"	"113"	"CHURUGUARA"	"1"	"2022-06-05 13:13:47"	\N	\N
"417"	"129"	"CAMAGUÁN"	"1"	"2022-06-05 13:13:47"	\N	\N
"418"	"129"	"PUERTO MIRANDA"	"1"	"2022-06-05 13:13:47"	\N	\N
"419"	"129"	"UVERITO"	"1"	"2022-06-05 13:13:47"	\N	\N
"420"	"130"	"CHAGUARAMAS"	"1"	"2022-06-05 13:13:47"	\N	\N
"421"	"131"	"EL SOCORRO"	"1"	"2022-06-05 13:13:47"	\N	\N
"422"	"132"	"TUCUPIDO"	"1"	"2022-06-05 13:13:47"	\N	\N
"423"	"132"	"SAN RAFAEL DE LAYA"	"1"	"2022-06-05 13:13:47"	\N	\N
"424"	"133"	"ALTAGRACIA DE ORITUCO"	"1"	"2022-06-05 13:13:47"	\N	\N
"425"	"133"	"SAN RAFAEL DE ORITUCO"	"1"	"2022-06-05 13:13:47"	\N	\N
"426"	"133"	"SAN FRANCISCO JAVIER DE LEZAMA"	"1"	"2022-06-05 13:13:47"	\N	\N
"427"	"133"	"PASO REAL DE MACAIRA"	"1"	"2022-06-05 13:13:47"	\N	\N
"428"	"133"	"CARLOS SOUBLETTE"	"1"	"2022-06-05 13:13:47"	\N	\N
"429"	"133"	"SAN FRANCISCO DE MACAIRA"	"1"	"2022-06-05 13:13:47"	\N	\N
"430"	"133"	"LIBERTAD DE ORITUCO"	"1"	"2022-06-05 13:13:47"	\N	\N
"431"	"134"	"CANTACLARO"	"1"	"2022-06-05 13:13:47"	\N	\N
"432"	"134"	"SAN JUAN DE LOS MORROS"	"1"	"2022-06-05 13:13:47"	\N	\N
"433"	"134"	"PARAPARA"	"1"	"2022-06-05 13:13:47"	\N	\N
"434"	"135"	"EL SOMBRERO"	"1"	"2022-06-05 13:13:47"	\N	\N
"435"	"135"	"SOSA"	"1"	"2022-06-05 13:13:47"	\N	\N
"436"	"136"	"LAS MERCEDES"	"1"	"2022-06-05 13:13:47"	\N	\N
"437"	"136"	"CABRUTA"	"1"	"2022-06-05 13:13:47"	\N	\N
"438"	"136"	"SANTA RITA DE MANAPIRE"	"1"	"2022-06-05 13:13:47"	\N	\N
"439"	"137"	"VALLE DE LA PASCUA"	"1"	"2022-06-05 13:13:47"	\N	\N
"440"	"137"	"ESPINO"	"1"	"2022-06-05 13:13:47"	\N	\N
"441"	"138"	"SAN JOSÉ DE UNARE"	"1"	"2022-06-05 13:13:47"	\N	\N
"442"	"138"	"ZARAZA"	"1"	"2022-06-05 13:13:47"	\N	\N
"443"	"139"	"SAN JOSÉ DE TIZNADOS"	"1"	"2022-06-05 13:13:47"	\N	\N
"444"	"139"	"SAN FRANCISCO DE TIZNADOS"	"1"	"2022-06-05 13:13:47"	\N	\N
"445"	"139"	"SAN LORENZO DE TIZNADOS"	"1"	"2022-06-05 13:13:47"	\N	\N
"446"	"139"	"ORTIZ"	"1"	"2022-06-05 13:13:47"	\N	\N
"447"	"140"	"GUAYABAL"	"1"	"2022-06-05 13:13:47"	\N	\N
"448"	"140"	"CAZORLA"	"1"	"2022-06-05 13:13:47"	\N	\N
"449"	"141"	"SAN JOSÉ DE GUARIBE"	"1"	"2022-06-05 13:13:47"	\N	\N
"450"	"141"	"UVERAL"	"1"	"2022-06-05 13:13:47"	\N	\N
"451"	"142"	"SANTA MARÍA DE IPIRE"	"1"	"2022-06-05 13:13:47"	\N	\N
"452"	"142"	"ALTAMIRA"	"1"	"2022-06-05 13:13:47"	\N	\N
"453"	"143"	"EL CALVARIO"	"1"	"2022-06-05 13:13:47"	\N	\N
"454"	"143"	"EL RASTRO"	"1"	"2022-06-05 13:13:47"	\N	\N
"455"	"143"	"GUARDATINAJAS"	"1"	"2022-06-05 13:13:47"	\N	\N
"456"	"143"	"CAPITAL URBANA CALABOZO"	"1"	"2022-06-05 13:13:47"	\N	\N
"457"	"144"	"QUEBRADA HONDA DE GUACHE"	"1"	"2022-06-05 13:13:47"	\N	\N
"458"	"144"	"PÍO TAMAYO"	"1"	"2022-06-05 13:13:47"	\N	\N
"459"	"144"	"YACAMBÚ"	"1"	"2022-06-05 13:13:47"	\N	\N
"460"	"145"	"FRÉITEZ"	"1"	"2022-06-05 13:13:47"	\N	\N
"461"	"145"	"JOSÉ MARÍA BLANCO"	"1"	"2022-06-05 13:13:47"	\N	\N
"462"	"146"	"CATEDRAL"	"1"	"2022-06-05 13:13:47"	\N	\N
"463"	"146"	"CONCEPCIÓN"	"1"	"2022-06-05 13:13:47"	\N	\N
"464"	"146"	"EL CUJÍ"	"1"	"2022-06-05 13:13:47"	\N	\N
"465"	"146"	"JUAN DE VILLEGAS"	"1"	"2022-06-05 13:13:47"	\N	\N
"466"	"146"	"SANTA ROSA"	"1"	"2022-06-05 13:13:47"	\N	\N
"467"	"146"	"TAMACA"	"1"	"2022-06-05 13:13:47"	\N	\N
"468"	"146"	"UNIÓN"	"1"	"2022-06-05 13:13:47"	\N	\N
"469"	"146"	"AGUEDO FELIPE ALVARADO"	"1"	"2022-06-05 13:13:47"	\N	\N
"470"	"146"	"BUENA VISTA"	"1"	"2022-06-05 13:13:47"	\N	\N
"471"	"146"	"JUÁREZ"	"1"	"2022-06-05 13:13:47"	\N	\N
"472"	"147"	"JUAN BAUTISTA RODRÍGUEZ"	"1"	"2022-06-05 13:13:47"	\N	\N
"473"	"147"	"CUARA"	"1"	"2022-06-05 13:13:47"	\N	\N
"474"	"147"	"DIEGO DE LOZADA"	"1"	"2022-06-05 13:13:47"	\N	\N
"475"	"147"	"PARAÍSO DE SAN JOSÉ"	"1"	"2022-06-05 13:13:47"	\N	\N
"476"	"147"	"SAN MIGUEL"	"1"	"2022-06-05 13:13:47"	\N	\N
"477"	"147"	"TINTORERO"	"1"	"2022-06-05 13:13:47"	\N	\N
"478"	"147"	"JOSÉ BERNARDO DORANTE"	"1"	"2022-06-05 13:13:47"	\N	\N
"479"	"147"	"CORONEL MARIANO PERAZA "	"1"	"2022-06-05 13:13:47"	\N	\N
"480"	"148"	"BOLÍVAR"	"1"	"2022-06-05 13:13:47"	\N	\N
"481"	"148"	"ANZOÁTEGUI"	"1"	"2022-06-05 13:13:47"	\N	\N
"482"	"148"	"GUARICO"	"1"	"2022-06-05 13:13:47"	\N	\N
"483"	"148"	"HILARIO LUNA Y LUNA"	"1"	"2022-06-05 13:13:47"	\N	\N
"484"	"148"	"HUMOCARO ALTO"	"1"	"2022-06-05 13:13:47"	\N	\N
"485"	"148"	"HUMOCARO BAJO"	"1"	"2022-06-05 13:13:47"	\N	\N
"486"	"148"	"LA CANDELARIA"	"1"	"2022-06-05 13:13:47"	\N	\N
"487"	"148"	"MORÁN"	"1"	"2022-06-05 13:13:47"	\N	\N
"488"	"149"	"CABUDARE"	"1"	"2022-06-05 13:13:47"	\N	\N
"489"	"149"	"JOSÉ GREGORIO BASTIDAS"	"1"	"2022-06-05 13:13:47"	\N	\N
"490"	"149"	"AGUA VIVA"	"1"	"2022-06-05 13:13:47"	\N	\N
"491"	"150"	"SARARE"	"1"	"2022-06-05 13:13:47"	\N	\N
"492"	"150"	"BURÍA"	"1"	"2022-06-05 13:13:47"	\N	\N
"493"	"150"	"GUSTAVO VEGAS LEÓN"	"1"	"2022-06-05 13:13:47"	\N	\N
"494"	"151"	"TRINIDAD SAMUEL"	"1"	"2022-06-05 13:13:47"	\N	\N
"495"	"151"	"ANTONIO DÍAZ"	"1"	"2022-06-05 13:13:47"	\N	\N
"496"	"151"	"CAMACARO"	"1"	"2022-06-05 13:13:47"	\N	\N
"497"	"151"	"CASTAÑEDA"	"1"	"2022-06-05 13:13:47"	\N	\N
"498"	"151"	"CECILIO ZUBILLAGA"	"1"	"2022-06-05 13:13:47"	\N	\N
"499"	"151"	"CHIQUINQUIRÁ"	"1"	"2022-06-05 13:13:47"	\N	\N
"500"	"151"	"EL BLANCO"	"1"	"2022-06-05 13:13:47"	\N	\N
"501"	"151"	"ESPINOZA DE LOS MONTEROS"	"1"	"2022-06-05 13:13:47"	\N	\N
"502"	"151"	"LARA"	"1"	"2022-06-05 13:13:47"	\N	\N
"503"	"151"	"LAS MERCEDES"	"1"	"2022-06-05 13:13:47"	\N	\N
"504"	"151"	"MANUEL MORILLO"	"1"	"2022-06-05 13:13:47"	\N	\N
"505"	"151"	"MONTAÑA VERDE"	"1"	"2022-06-05 13:13:47"	\N	\N
"506"	"151"	"MONTES DE OCA"	"1"	"2022-06-05 13:13:47"	\N	\N
"507"	"151"	"TORRES"	"1"	"2022-06-05 13:13:47"	\N	\N
"508"	"151"	"HERIBERTO ARROYO"	"1"	"2022-06-05 13:13:47"	\N	\N
"509"	"151"	"REYES VARGAS"	"1"	"2022-06-05 13:13:47"	\N	\N
"510"	"151"	"ALTAGRACIA"	"1"	"2022-06-05 13:13:47"	\N	\N
"511"	"152"	"SIQUISIQUE"	"1"	"2022-06-05 13:13:47"	\N	\N
"512"	"152"	"MOROTURO"	"1"	"2022-06-05 13:13:47"	\N	\N
"513"	"152"	"SAN MIGUEL"	"1"	"2022-06-05 13:13:47"	\N	\N
"514"	"152"	"XAGUAS"	"1"	"2022-06-05 13:13:47"	\N	\N
"515"	"179"	"PRESIDENTE BETANCOURT"	"1"	"2022-06-05 13:13:47"	\N	\N
"516"	"179"	"PRESIDENTE PÁEZ"	"1"	"2022-06-05 13:13:47"	\N	\N
"517"	"179"	"PRESIDENTE RÓMULO GALLEGOS"	"1"	"2022-06-05 13:13:47"	\N	\N
"518"	"179"	"GABRIEL PICÓN GONZÁLEZ"	"1"	"2022-06-05 13:13:47"	\N	\N
"519"	"179"	"HÉCTOR AMABLE MORA"	"1"	"2022-06-05 13:13:47"	\N	\N
"520"	"179"	"JOSÉ NUCETE SARDI"	"1"	"2022-06-05 13:13:47"	\N	\N
"521"	"179"	"PULIDO MÉNDEZ"	"1"	"2022-06-05 13:13:47"	\N	\N
"522"	"180"	"LA AZULITA"	"1"	"2022-06-05 13:13:47"	\N	\N
"523"	"181"	"SANTA CRUZ DE MORA"	"1"	"2022-06-05 13:13:47"	\N	\N
"524"	"181"	"MESA BOLÍVAR"	"1"	"2022-06-05 13:13:47"	\N	\N
"525"	"181"	"MESA DE LAS PALMAS"	"1"	"2022-06-05 13:13:47"	\N	\N
"526"	"182"	"ARICAGUA"	"1"	"2022-06-05 13:13:47"	\N	\N
"527"	"182"	"SAN ANTONIO"	"1"	"2022-06-05 13:13:47"	\N	\N
"528"	"183"	"CANAGUA"	"1"	"2022-06-05 13:13:47"	\N	\N
"529"	"183"	"CAPURÍ"	"1"	"2022-06-05 13:13:47"	\N	\N
"530"	"183"	"CHACANTÁ"	"1"	"2022-06-05 13:13:47"	\N	\N
"531"	"183"	"EL MOLINO"	"1"	"2022-06-05 13:13:47"	\N	\N
"532"	"183"	"GUAIMARAL"	"1"	"2022-06-05 13:13:47"	\N	\N
"533"	"183"	"MUCUTUY"	"1"	"2022-06-05 13:13:47"	\N	\N
"534"	"183"	"MUCUCHACHÍ"	"1"	"2022-06-05 13:13:47"	\N	\N
"535"	"184"	"FERNÁNDEZ PEÑA"	"1"	"2022-06-05 13:13:47"	\N	\N
"536"	"184"	"MATRIZ"	"1"	"2022-06-05 13:13:47"	\N	\N
"537"	"184"	"MONTALBÁN"	"1"	"2022-06-05 13:13:47"	\N	\N
"538"	"184"	"ACEQUIAS"	"1"	"2022-06-05 13:13:47"	\N	\N
"539"	"184"	"JAJÍ"	"1"	"2022-06-05 13:13:47"	\N	\N
"540"	"184"	"LA MESA"	"1"	"2022-06-05 13:13:47"	\N	\N
"541"	"184"	"SAN JOSÉ DEL SUR"	"1"	"2022-06-05 13:13:47"	\N	\N
"542"	"185"	"TUCANÍ"	"1"	"2022-06-05 13:13:47"	\N	\N
"543"	"185"	"FLORENCIO RAMÍREZ"	"1"	"2022-06-05 13:13:47"	\N	\N
"544"	"186"	"SANTO DOMINGO"	"1"	"2022-06-05 13:13:47"	\N	\N
"545"	"186"	"LAS PIEDRAS"	"1"	"2022-06-05 13:13:47"	\N	\N
"546"	"187"	"GUARAQUE"	"1"	"2022-06-05 13:13:47"	\N	\N
"547"	"187"	"MESA DE QUINTERO"	"1"	"2022-06-05 13:13:47"	\N	\N
"548"	"187"	"RÍO NEGRO"	"1"	"2022-06-05 13:13:47"	\N	\N
"549"	"188"	"ARAPUEY"	"1"	"2022-06-05 13:13:47"	\N	\N
"550"	"188"	"PALMIRA"	"1"	"2022-06-05 13:13:47"	\N	\N
"551"	"189"	"SAN CRISTÓBAL DE TORONDOY"	"1"	"2022-06-05 13:13:47"	\N	\N
"552"	"189"	"TORONDOY"	"1"	"2022-06-05 13:13:47"	\N	\N
"553"	"190"	"ANTONIO SPINETTI DINI"	"1"	"2022-06-05 13:13:47"	\N	\N
"554"	"190"	"ARIAS"	"1"	"2022-06-05 13:13:47"	\N	\N
"555"	"190"	"CARACCIOLO PARRA PÉREZ"	"1"	"2022-06-05 13:13:47"	\N	\N
"556"	"190"	"DOMINGO PEÑA"	"1"	"2022-06-05 13:13:47"	\N	\N
"557"	"190"	"EL LLANO"	"1"	"2022-06-05 13:13:47"	\N	\N
"558"	"190"	"GONZALO PICÓN FEBRES"	"1"	"2022-06-05 13:13:47"	\N	\N
"559"	"190"	"JACINTO PLAZA"	"1"	"2022-06-05 13:13:47"	\N	\N
"560"	"190"	"JUAN RODRÍGUEZ SUÁREZ"	"1"	"2022-06-05 13:13:47"	\N	\N
"561"	"190"	"LASSO DE LA VEGA"	"1"	"2022-06-05 13:13:47"	\N	\N
"562"	"190"	"MARIANO PICÓN SALAS"	"1"	"2022-06-05 13:13:47"	\N	\N
"563"	"190"	"MILLA"	"1"	"2022-06-05 13:13:47"	\N	\N
"564"	"190"	"OSUNA RODRÍGUEZ"	"1"	"2022-06-05 13:13:47"	\N	\N
"565"	"190"	"SAGRARIO"	"1"	"2022-06-05 13:13:47"	\N	\N
"566"	"190"	"EL MORRO"	"1"	"2022-06-05 13:13:47"	\N	\N
"567"	"190"	"LOS NEVADOS"	"1"	"2022-06-05 13:13:47"	\N	\N
"568"	"191"	"ANDRÉS ELOY BLANCO"	"1"	"2022-06-05 13:13:47"	\N	\N
"569"	"191"	"LA VENTA"	"1"	"2022-06-05 13:13:47"	\N	\N
"570"	"191"	"PIÑANGO"	"1"	"2022-06-05 13:13:47"	\N	\N
"571"	"191"	"TIMOTES"	"1"	"2022-06-05 13:13:47"	\N	\N
"572"	"192"	"ELOY PAREDES"	"1"	"2022-06-05 13:13:47"	\N	\N
"573"	"192"	"SAN RAFAEL DE ALCÁZAR"	"1"	"2022-06-05 13:13:47"	\N	\N
"574"	"192"	"SANTA ELENA DE ARENALES"	"1"	"2022-06-05 13:13:47"	\N	\N
"575"	"193"	"SANTA MARÍA DE CAPARO"	"1"	"2022-06-05 13:13:47"	\N	\N
"576"	"194"	"PUEBLO LLANO"	"1"	"2022-06-05 13:13:47"	\N	\N
"577"	"195"	"CACUTE"	"1"	"2022-06-05 13:13:47"	\N	\N
"578"	"195"	"LA TOMA"	"1"	"2022-06-05 13:13:47"	\N	\N
"579"	"195"	"MUCUCHÍES"	"1"	"2022-06-05 13:13:47"	\N	\N
"580"	"195"	"MUCURUBÁ"	"1"	"2022-06-05 13:13:47"	\N	\N
"581"	"195"	"SAN RAFAEL"	"1"	"2022-06-05 13:13:47"	\N	\N
"582"	"196"	"GERÓNIMO MALDONADO"	"1"	"2022-06-05 13:13:47"	\N	\N
"583"	"196"	"BAILADORES"	"1"	"2022-06-05 13:13:47"	\N	\N
"584"	"197"	"TABAY"	"1"	"2022-06-05 13:13:47"	\N	\N
"585"	"198"	"CHIGUARÁ"	"1"	"2022-06-05 13:13:47"	\N	\N
"586"	"198"	"ESTÁNQUEZ"	"1"	"2022-06-05 13:13:47"	\N	\N
"587"	"198"	"LAGUNILLAS"	"1"	"2022-06-05 13:13:47"	\N	\N
"588"	"198"	"LA TRAMPA"	"1"	"2022-06-05 13:13:47"	\N	\N
"589"	"198"	"PUEBLO NUEVO DEL SUR"	"1"	"2022-06-05 13:13:47"	\N	\N
"590"	"198"	"SAN JUAN"	"1"	"2022-06-05 13:13:47"	\N	\N
"591"	"199"	"EL AMPARO"	"1"	"2022-06-05 13:13:47"	\N	\N
"592"	"199"	"EL LLANO"	"1"	"2022-06-05 13:13:47"	\N	\N
"593"	"199"	"SAN FRANCISCO"	"1"	"2022-06-05 13:13:47"	\N	\N
"594"	"199"	"TOVAR"	"1"	"2022-06-05 13:13:47"	\N	\N
"595"	"200"	"INDEPENDENCIA"	"1"	"2022-06-05 13:13:47"	\N	\N
"596"	"200"	"MARÍA DE LA CONCEPCIÓN PALACIOS BLANCO"	"1"	"2022-06-05 13:13:47"	\N	\N
"597"	"200"	"NUEVA BOLIVIA"	"1"	"2022-06-05 13:13:47"	\N	\N
"598"	"200"	"SANTA APOLONIA"	"1"	"2022-06-05 13:13:47"	\N	\N
"599"	"201"	"CAÑO EL TIGRE"	"1"	"2022-06-05 13:13:47"	\N	\N
"600"	"201"	"ZEA"	"1"	"2022-06-05 13:13:47"	\N	\N
"601"	"223"	"ARAGÜITA"	"1"	"2022-06-05 13:13:47"	\N	\N
"602"	"223"	"ARÉVALO GONZÁLEZ"	"1"	"2022-06-05 13:13:47"	\N	\N
"603"	"223"	"CAPAYA"	"1"	"2022-06-05 13:13:47"	\N	\N
"604"	"223"	"CAUCAGUA"	"1"	"2022-06-05 13:13:47"	\N	\N
"605"	"223"	"PANAQUIRE"	"1"	"2022-06-05 13:13:47"	\N	\N
"606"	"223"	"RIBAS"	"1"	"2022-06-05 13:13:47"	\N	\N
"607"	"223"	"EL CAFÉ"	"1"	"2022-06-05 13:13:47"	\N	\N
"608"	"223"	"MARIZAPA"	"1"	"2022-06-05 13:13:47"	\N	\N
"609"	"224"	"CUMBO"	"1"	"2022-06-05 13:13:47"	\N	\N
"610"	"224"	"SAN JOSÉ DE BARLOVENTO"	"1"	"2022-06-05 13:13:47"	\N	\N
"611"	"225"	"EL CAFETAL"	"1"	"2022-06-05 13:13:47"	\N	\N
"612"	"225"	"LAS MINAS"	"1"	"2022-06-05 13:13:47"	\N	\N
"613"	"225"	"NUESTRA SEÑORA DEL ROSARIO"	"1"	"2022-06-05 13:13:47"	\N	\N
"614"	"226"	"HIGUEROTE"	"1"	"2022-06-05 13:13:47"	\N	\N
"615"	"226"	"CURIEPE"	"1"	"2022-06-05 13:13:47"	\N	\N
"616"	"226"	"TACARIGUA DE BRIÓN"	"1"	"2022-06-05 13:13:47"	\N	\N
"617"	"227"	"MAMPORAL"	"1"	"2022-06-05 13:13:47"	\N	\N
"618"	"228"	"CARRIZAL"	"1"	"2022-06-05 13:13:47"	\N	\N
"619"	"229"	"CHACAO"	"1"	"2022-06-05 13:13:47"	\N	\N
"620"	"230"	"CHARALLAVE"	"1"	"2022-06-05 13:13:47"	\N	\N
"621"	"230"	"LAS BRISAS"	"1"	"2022-06-05 13:13:47"	\N	\N
"622"	"231"	"EL HATILLO"	"1"	"2022-06-05 13:13:47"	\N	\N
"623"	"232"	"ALTAGRACIA DE LA MONTAÑA"	"1"	"2022-06-05 13:13:47"	\N	\N
"624"	"232"	"CECILIO ACOSTA"	"1"	"2022-06-05 13:13:47"	\N	\N
"625"	"232"	"LOS TEQUES"	"1"	"2022-06-05 13:13:47"	\N	\N
"626"	"232"	"EL JARILLO"	"1"	"2022-06-05 13:13:47"	\N	\N
"627"	"232"	"SAN PEDRO"	"1"	"2022-06-05 13:13:47"	\N	\N
"628"	"232"	"TÁCATA"	"1"	"2022-06-05 13:13:47"	\N	\N
"629"	"232"	"PARACOTOS"	"1"	"2022-06-05 13:13:47"	\N	\N
"630"	"233"	"CARTANAL"	"1"	"2022-06-05 13:13:47"	\N	\N
"631"	"233"	"SANTA TERESA DEL TUY"	"1"	"2022-06-05 13:13:47"	\N	\N
"632"	"234"	"LA DEMOCRACIA"	"1"	"2022-06-05 13:13:47"	\N	\N
"633"	"234"	"OCUMARE DEL TUY"	"1"	"2022-06-05 13:13:47"	\N	\N
"634"	"234"	"SANTA BÁRBARA"	"1"	"2022-06-05 13:13:47"	\N	\N
"635"	"235"	"SAN ANTONIO DE LOS ALTOS"	"1"	"2022-06-05 13:13:47"	\N	\N
"636"	"236"	"RÍO CHICO"	"1"	"2022-06-05 13:13:47"	\N	\N
"637"	"236"	"EL GUAPO"	"1"	"2022-06-05 13:13:47"	\N	\N
"638"	"236"	"TACARIGUA DE LA LAGUNA"	"1"	"2022-06-05 13:13:47"	\N	\N
"639"	"236"	"PAPARO"	"1"	"2022-06-05 13:13:47"	\N	\N
"640"	"236"	"SAN FERNANDO DEL GUAPO"	"1"	"2022-06-05 13:13:47"	\N	\N
"641"	"237"	"SANTA LUCÍA DEL TUY"	"1"	"2022-06-05 13:13:47"	\N	\N
"642"	"238"	"CÚPIRA"	"1"	"2022-06-05 13:13:47"	\N	\N
"643"	"238"	"MACHURUCUTO"	"1"	"2022-06-05 13:13:47"	\N	\N
"644"	"239"	"GUARENAS"	"1"	"2022-06-05 13:13:47"	\N	\N
"645"	"240"	"SAN ANTONIO DE YARE"	"1"	"2022-06-05 13:13:47"	\N	\N
"646"	"240"	"SAN FRANCISCO DE YARE"	"1"	"2022-06-05 13:13:47"	\N	\N
"647"	"241"	"LEONCIO MARTÍNEZ"	"1"	"2022-06-05 13:13:47"	\N	\N
"648"	"241"	"PETARE"	"1"	"2022-06-05 13:13:47"	\N	\N
"649"	"241"	"CAUCAGÜITA"	"1"	"2022-06-05 13:13:47"	\N	\N
"650"	"241"	"FILAS DE MARICHE"	"1"	"2022-06-05 13:13:47"	\N	\N
"651"	"241"	"LA DOLORITA"	"1"	"2022-06-05 13:13:47"	\N	\N
"652"	"242"	"CÚA"	"1"	"2022-06-05 13:13:47"	\N	\N
"653"	"242"	"NUEVA CÚA"	"1"	"2022-06-05 13:13:47"	\N	\N
"654"	"243"	"GUATIRE"	"1"	"2022-06-05 13:13:47"	\N	\N
"655"	"243"	"BOLÍVAR"	"1"	"2022-06-05 13:13:47"	\N	\N
"656"	"258"	"SAN ANTONIO DE MATURÍN"	"1"	"2022-06-05 13:13:47"	\N	\N
"657"	"258"	"SAN FRANCISCO DE MATURÍN"	"1"	"2022-06-05 13:13:47"	\N	\N
"658"	"259"	"AGUASAY"	"1"	"2022-06-05 13:13:47"	\N	\N
"659"	"260"	"CARIPITO"	"1"	"2022-06-05 13:13:47"	\N	\N
"660"	"261"	"EL GUÁCHARO"	"1"	"2022-06-05 13:13:47"	\N	\N
"661"	"261"	"LA GUANOTA"	"1"	"2022-06-05 13:13:47"	\N	\N
"662"	"261"	"SABANA DE PIEDRA"	"1"	"2022-06-05 13:13:47"	\N	\N
"663"	"261"	"SAN AGUSTÍN"	"1"	"2022-06-05 13:13:47"	\N	\N
"664"	"261"	"TERESEN"	"1"	"2022-06-05 13:13:47"	\N	\N
"665"	"261"	"CARIPE"	"1"	"2022-06-05 13:13:47"	\N	\N
"666"	"262"	"AREO"	"1"	"2022-06-05 13:13:47"	\N	\N
"667"	"262"	"CAPITAL CEDEÑO"	"1"	"2022-06-05 13:13:47"	\N	\N
"668"	"262"	"SAN FÉLIX DE CANTALICIO"	"1"	"2022-06-05 13:13:47"	\N	\N
"669"	"262"	"VIENTO FRESCO"	"1"	"2022-06-05 13:13:47"	\N	\N
"670"	"263"	"EL TEJERO"	"1"	"2022-06-05 13:13:47"	\N	\N
"671"	"263"	"PUNTA DE MATA"	"1"	"2022-06-05 13:13:47"	\N	\N
"672"	"264"	"CHAGUARAMAS"	"1"	"2022-06-05 13:13:47"	\N	\N
"673"	"264"	"LAS ALHUACAS"	"1"	"2022-06-05 13:13:47"	\N	\N
"674"	"264"	"TABASCA"	"1"	"2022-06-05 13:13:47"	\N	\N
"675"	"264"	"TEMBLADOR"	"1"	"2022-06-05 13:13:47"	\N	\N
"676"	"265"	"ALTO DE LOS GODOS"	"1"	"2022-06-05 13:13:47"	\N	\N
"677"	"265"	"BOQUERÓN"	"1"	"2022-06-05 13:13:47"	\N	\N
"678"	"265"	"LAS COCUIZAS"	"1"	"2022-06-05 13:13:47"	\N	\N
"679"	"265"	"LA CRUZ"	"1"	"2022-06-05 13:13:47"	\N	\N
"680"	"265"	"SAN SIMÓN"	"1"	"2022-06-05 13:13:47"	\N	\N
"681"	"265"	"EL COROZO"	"1"	"2022-06-05 13:13:47"	\N	\N
"682"	"265"	"EL FURRIAL"	"1"	"2022-06-05 13:13:47"	\N	\N
"683"	"265"	"JUSEPÍN"	"1"	"2022-06-05 13:13:47"	\N	\N
"684"	"265"	"LA PICA"	"1"	"2022-06-05 13:13:47"	\N	\N
"685"	"265"	"SAN VICENTE"	"1"	"2022-06-05 13:13:47"	\N	\N
"686"	"266"	"APARICIO"	"1"	"2022-06-05 13:13:47"	\N	\N
"687"	"266"	"ARAGUA DE MATURÍN"	"1"	"2022-06-05 13:13:47"	\N	\N
"688"	"266"	"CHAGUAMAL"	"1"	"2022-06-05 13:13:47"	\N	\N
"689"	"266"	"EL PINTO"	"1"	"2022-06-05 13:13:47"	\N	\N
"690"	"266"	"GUANAGUANA"	"1"	"2022-06-05 13:13:47"	\N	\N
"691"	"266"	"LA TOSCANA"	"1"	"2022-06-05 13:13:47"	\N	\N
"692"	"266"	"TAGUAYA"	"1"	"2022-06-05 13:13:47"	\N	\N
"693"	"267"	"CACHIPO"	"1"	"2022-06-05 13:13:47"	\N	\N
"694"	"267"	"QUIRIQUIRE"	"1"	"2022-06-05 13:13:47"	\N	\N
"695"	"268"	"SANTA BÁRBARA"	"1"	"2022-06-05 13:13:47"	\N	\N
"696"	"269"	"BARRANCAS"	"1"	"2022-06-05 13:13:47"	\N	\N
"697"	"269"	"LOS BARRANCOS DE FAJARDO"	"1"	"2022-06-05 13:13:47"	\N	\N
"698"	"270"	"URACOA"	"1"	"2022-06-05 13:13:47"	\N	\N
"699"	"271"	"ANTOLÍN DEL CAMPO"	"1"	"2022-06-05 13:13:47"	\N	\N
"700"	"272"	"ARISMENDI"	"1"	"2022-06-05 13:13:47"	\N	\N
"701"	"273"	"GARCÍA"	"1"	"2022-06-05 13:13:47"	\N	\N
"702"	"273"	"FRANCISCO FAJARDO"	"1"	"2022-06-05 13:13:47"	\N	\N
"703"	"274"	"BOLÍVAR"	"1"	"2022-06-05 13:13:47"	\N	\N
"704"	"274"	"GUEVARA"	"1"	"2022-06-05 13:13:47"	\N	\N
"705"	"274"	"MATASIETE"	"1"	"2022-06-05 13:13:47"	\N	\N
"706"	"274"	"SANTA ANA"	"1"	"2022-06-05 13:13:47"	\N	\N
"707"	"274"	"SUCRE"	"1"	"2022-06-05 13:13:47"	\N	\N
"708"	"275"	"AGUIRRE"	"1"	"2022-06-05 13:13:47"	\N	\N
"709"	"275"	"MANEIRO"	"1"	"2022-06-05 13:13:47"	\N	\N
"710"	"276"	"ADRIÁN"	"1"	"2022-06-05 13:13:47"	\N	\N
"711"	"276"	"JUAN GRIEGO"	"1"	"2022-06-05 13:13:47"	\N	\N
"712"	"276"	"YAGUARAPARO"	"1"	"2022-06-05 13:13:47"	\N	\N
"713"	"277"	"PORLAMAR"	"1"	"2022-06-05 13:13:47"	\N	\N
"714"	"278"	"SAN FRANCISCO DE MACANAO"	"1"	"2022-06-05 13:13:47"	\N	\N
"715"	"278"	"BOCA DE RÍO"	"1"	"2022-06-05 13:13:47"	\N	\N
"716"	"279"	"TUBORES"	"1"	"2022-06-05 13:13:47"	\N	\N
"717"	"279"	"LOS BALEALES"	"1"	"2022-06-05 13:13:47"	\N	\N
"718"	"280"	"VICENTE FUENTES"	"1"	"2022-06-05 13:13:47"	\N	\N
"719"	"280"	"VILLALBA"	"1"	"2022-06-05 13:13:47"	\N	\N
"720"	"281"	"SAN JUAN BAUTISTA"	"1"	"2022-06-05 13:13:47"	\N	\N
"721"	"281"	"ZABALA"	"1"	"2022-06-05 13:13:47"	\N	\N
"722"	"283"	"CAPITAL ARAURE"	"1"	"2022-06-05 13:13:47"	\N	\N
"723"	"283"	"RÍO ACARIGUA"	"1"	"2022-06-05 13:13:47"	\N	\N
"724"	"284"	"CAPITAL ESTELLER"	"1"	"2022-06-05 13:13:47"	\N	\N
"725"	"284"	"UVERAL"	"1"	"2022-06-05 13:13:47"	\N	\N
"726"	"285"	"GUANARE"	"1"	"2022-06-05 13:13:47"	\N	\N
"727"	"285"	"CÓRDOBA"	"1"	"2022-06-05 13:13:47"	\N	\N
"728"	"285"	"SAN JOSÉ DE LA MONTAÑA"	"1"	"2022-06-05 13:13:47"	\N	\N
"729"	"285"	"SAN JUAN DE GUANAGUANARE"	"1"	"2022-06-05 13:13:47"	\N	\N
"730"	"285"	"VIRGEN DE LA COROMOTO"	"1"	"2022-06-05 13:13:47"	\N	\N
"731"	"286"	"GUANARITO"	"1"	"2022-06-05 13:13:47"	\N	\N
"732"	"286"	"TRINIDAD DE LA CAPILLA"	"1"	"2022-06-05 13:13:47"	\N	\N
"733"	"286"	"DIVINA PASTORA"	"1"	"2022-06-05 13:13:47"	\N	\N
"734"	"287"	"MONSEÑOR JOSÉ VICENTE DE UNDA"	"1"	"2022-06-05 13:13:47"	\N	\N
"735"	"287"	"PEÑA BLANCA"	"1"	"2022-06-05 13:13:47"	\N	\N
"736"	"288"	"CAPITAL OSPINO"	"1"	"2022-06-05 13:13:47"	\N	\N
"737"	"288"	"APARICIÓN"	"1"	"2022-06-05 13:13:47"	\N	\N
"738"	"288"	"LA ESTACIÓN"	"1"	"2022-06-05 13:13:47"	\N	\N
"739"	"289"	"PÁEZ"	"1"	"2022-06-05 13:13:47"	\N	\N
"740"	"289"	"PAYARA"	"1"	"2022-06-05 13:13:47"	\N	\N
"741"	"289"	"PIMPINELA"	"1"	"2022-06-05 13:13:47"	\N	\N
"742"	"289"	"RAMÓN PERAZA"	"1"	"2022-06-05 13:13:47"	\N	\N
"743"	"290"	"PAPELÓN"	"1"	"2022-06-05 13:13:47"	\N	\N
"744"	"290"	"CAÑO DELGADITO"	"1"	"2022-06-05 13:13:47"	\N	\N
"745"	"291"	"SAN GENARO DE BOCONOITO"	"1"	"2022-06-05 13:13:47"	\N	\N
"746"	"291"	"ANTOLÍN TOVAR"	"1"	"2022-06-05 13:13:47"	\N	\N
"747"	"292"	"SAN RAFAEL DE ONOTO"	"1"	"2022-06-05 13:13:47"	\N	\N
"748"	"292"	"SANTA FE"	"1"	"2022-06-05 13:13:47"	\N	\N
"749"	"292"	"THERMO MORLES"	"1"	"2022-06-05 13:13:47"	\N	\N
"750"	"293"	"SANTA ROSALÍA"	"1"	"2022-06-05 13:13:47"	\N	\N
"751"	"293"	"FLORIDA"	"1"	"2022-06-05 13:13:47"	\N	\N
"752"	"294"	"SUCRE"	"1"	"2022-06-05 13:13:47"	\N	\N
"753"	"294"	"CONCEPCIÓN"	"1"	"2022-06-05 13:13:47"	\N	\N
"754"	"294"	"SAN RAFAEL DE PALO ALZADO"	"1"	"2022-06-05 13:13:47"	\N	\N
"755"	"294"	"UVENCIO ANTONIO VELÁSQUEZ"	"1"	"2022-06-05 13:13:47"	\N	\N
"756"	"294"	"SAN JOSÉ DE SAGUAZ"	"1"	"2022-06-05 13:13:47"	\N	\N
"757"	"294"	"VILLA ROSA"	"1"	"2022-06-05 13:13:47"	\N	\N
"758"	"295"	"TURÉN"	"1"	"2022-06-05 13:13:47"	\N	\N
"759"	"295"	"CANELONES"	"1"	"2022-06-05 13:13:47"	\N	\N
"760"	"295"	"SANTA CRUZ"	"1"	"2022-06-05 13:13:47"	\N	\N
"761"	"295"	"SAN ISIDRO LABRADOR"	"1"	"2022-06-05 13:13:47"	\N	\N
"762"	"296"	"MARIÑO"	"1"	"2022-06-05 13:13:47"	\N	\N
"763"	"296"	"RÓMULO GALLEGOS"	"1"	"2022-06-05 13:13:47"	\N	\N
"764"	"297"	"SAN JOSÉ DE AEROCUAR"	"1"	"2022-06-05 13:13:47"	\N	\N
"765"	"297"	"TAVERA ACOSTA"	"1"	"2022-06-05 13:13:47"	\N	\N
"766"	"298"	"RÍO CARIBE"	"1"	"2022-06-05 13:13:47"	\N	\N
"767"	"298"	"ANTONIO JOSÉ DE SUCRE"	"1"	"2022-06-05 13:13:47"	\N	\N
"768"	"298"	"EL MORRO DE PUERTO SANTO"	"1"	"2022-06-05 13:13:47"	\N	\N
"769"	"298"	"PUERTO SANTO"	"1"	"2022-06-05 13:13:47"	\N	\N
"770"	"298"	"SAN JUAN DE LAS GALDONAS"	"1"	"2022-06-05 13:13:47"	\N	\N
"771"	"299"	"EL PILAR"	"1"	"2022-06-05 13:13:47"	\N	\N
"772"	"299"	"EL RINCÓN"	"1"	"2022-06-05 13:13:47"	\N	\N
"773"	"299"	"GENERAL FRANCISCO ANTONIO VÁQUEZ"	"1"	"2022-06-05 13:13:47"	\N	\N
"774"	"299"	"GUARAÚNOS"	"1"	"2022-06-05 13:13:47"	\N	\N
"775"	"299"	"TUNAPUICITO"	"1"	"2022-06-05 13:13:47"	\N	\N
"776"	"299"	"UNIÓN"	"1"	"2022-06-05 13:13:47"	\N	\N
"777"	"300"	"SANTA CATALINA"	"1"	"2022-06-05 13:13:47"	\N	\N
"778"	"300"	"SANTA ROSA"	"1"	"2022-06-05 13:13:47"	\N	\N
"779"	"300"	"SANTA TERESA"	"1"	"2022-06-05 13:13:47"	\N	\N
"780"	"300"	"BOLÍVAR"	"1"	"2022-06-05 13:13:47"	\N	\N
"781"	"300"	"MARACAPANA"	"1"	"2022-06-05 13:13:47"	\N	\N
"782"	"302"	"LIBERTAD"	"1"	"2022-06-05 13:13:47"	\N	\N
"783"	"302"	"EL PAUJIL"	"1"	"2022-06-05 13:13:47"	\N	\N
"784"	"302"	"YAGUARAPARO"	"1"	"2022-06-05 13:13:47"	\N	\N
"785"	"303"	"CRUZ SALMERÓN ACOSTA"	"1"	"2022-06-05 13:13:47"	\N	\N
"786"	"303"	"CHACOPATA"	"1"	"2022-06-05 13:13:47"	\N	\N
"787"	"303"	"MANICUARE"	"1"	"2022-06-05 13:13:47"	\N	\N
"788"	"304"	"TUNAPUY"	"1"	"2022-06-05 13:13:47"	\N	\N
"789"	"304"	"CAMPO ELÍAS"	"1"	"2022-06-05 13:13:47"	\N	\N
"790"	"305"	"IRAPA"	"1"	"2022-06-05 13:13:47"	\N	\N
"791"	"305"	"CAMPO CLARO"	"1"	"2022-06-05 13:13:47"	\N	\N
"792"	"305"	"MARAVAL"	"1"	"2022-06-05 13:13:47"	\N	\N
"793"	"305"	"SAN ANTONIO DE IRAPA"	"1"	"2022-06-05 13:13:47"	\N	\N
"794"	"305"	"SORO"	"1"	"2022-06-05 13:13:47"	\N	\N
"795"	"306"	"MEJÍA"	"1"	"2022-06-05 13:13:47"	\N	\N
"796"	"307"	"CUMANACOA"	"1"	"2022-06-05 13:13:47"	\N	\N
"797"	"307"	"ARENAS"	"1"	"2022-06-05 13:13:47"	\N	\N
"798"	"307"	"ARICAGUA"	"1"	"2022-06-05 13:13:47"	\N	\N
"799"	"307"	"COGOLLAR"	"1"	"2022-06-05 13:13:47"	\N	\N
"800"	"307"	"SAN FERNANDO"	"1"	"2022-06-05 13:13:47"	\N	\N
"801"	"307"	"SAN LORENZO"	"1"	"2022-06-05 13:13:47"	\N	\N
"802"	"308"	"VILLA FRONTADO (MUELLE DE CARIACO)"	"1"	"2022-06-05 13:13:47"	\N	\N
"803"	"308"	"CATUARO"	"1"	"2022-06-05 13:13:47"	\N	\N
"804"	"308"	"RENDÓN"	"1"	"2022-06-05 13:13:47"	\N	\N
"805"	"308"	"SAN CRUZ"	"1"	"2022-06-05 13:13:47"	\N	\N
"806"	"308"	"SANTA MARÍA"	"1"	"2022-06-05 13:13:47"	\N	\N
"807"	"309"	"ALTAGRACIA"	"1"	"2022-06-05 13:13:47"	\N	\N
"808"	"309"	"SANTA INÉS"	"1"	"2022-06-05 13:13:47"	\N	\N
"809"	"309"	"VALENTÍN VALIENTE"	"1"	"2022-06-05 13:13:47"	\N	\N
"810"	"309"	"AYACUCHO"	"1"	"2022-06-05 13:13:47"	\N	\N
"811"	"309"	"SAN JUAN"	"1"	"2022-06-05 13:13:47"	\N	\N
"812"	"309"	"RAÚL LEONI"	"1"	"2022-06-05 13:13:47"	\N	\N
"813"	"309"	"GRAN MARISCAL"	"1"	"2022-06-05 13:13:47"	\N	\N
"814"	"310"	"CRISTÓBAL COLÓN"	"1"	"2022-06-05 13:13:47"	\N	\N
"815"	"310"	"BIDEAU"	"1"	"2022-06-05 13:13:47"	\N	\N
"816"	"310"	"PUNTA DE PIEDRAS"	"1"	"2022-06-05 13:13:47"	\N	\N
"817"	"310"	"GÜIRIA"	"1"	"2022-06-05 13:13:47"	\N	\N
"818"	"341"	"ANDRÉS BELLO"	"1"	"2022-06-05 13:13:47"	\N	\N
"819"	"342"	"ANTONIO RÓMULO COSTA"	"1"	"2022-06-05 13:13:47"	\N	\N
"820"	"343"	"AYACUCHO"	"1"	"2022-06-05 13:13:47"	\N	\N
"821"	"343"	"RIVAS BERTI"	"1"	"2022-06-05 13:13:47"	\N	\N
"822"	"343"	"SAN PEDRO DEL RÍO"	"1"	"2022-06-05 13:13:47"	\N	\N
"823"	"344"	"BOLÍVAR"	"1"	"2022-06-05 13:13:47"	\N	\N
"824"	"344"	"PALOTAL"	"1"	"2022-06-05 13:13:47"	\N	\N
"825"	"344"	"GENERAL JUAN VICENTE GÓMEZ"	"1"	"2022-06-05 13:13:47"	\N	\N
"826"	"344"	"ISAÍAS MEDINA ANGARITA"	"1"	"2022-06-05 13:13:47"	\N	\N
"827"	"345"	"CÁRDENAS"	"1"	"2022-06-05 13:13:47"	\N	\N
"828"	"345"	"AMENODORO ÁNGEL LAMUS"	"1"	"2022-06-05 13:13:47"	\N	\N
"829"	"345"	"LA FLORIDA"	"1"	"2022-06-05 13:13:47"	\N	\N
"830"	"346"	"CÓRDOBA"	"1"	"2022-06-05 13:13:47"	\N	\N
"831"	"347"	"FERNÁNDEZ FEO"	"1"	"2022-06-05 13:13:47"	\N	\N
"832"	"347"	"ALBERTO ADRIANI"	"1"	"2022-06-05 13:13:47"	\N	\N
"833"	"347"	"SANTO DOMINGO"	"1"	"2022-06-05 13:13:47"	\N	\N
"834"	"348"	"FRANCISCO DE MIRANDA"	"1"	"2022-06-05 13:13:47"	\N	\N
"835"	"349"	"GARCÍA DE HEVIA"	"1"	"2022-06-05 13:13:47"	\N	\N
"836"	"349"	"BOCA DE GRITA"	"1"	"2022-06-05 13:13:47"	\N	\N
"837"	"349"	"JOSÉ ANTONIO PÁEZ"	"1"	"2022-06-05 13:13:47"	\N	\N
"838"	"350"	"GUÁSIMOS"	"1"	"2022-06-05 13:13:47"	\N	\N
"839"	"351"	"INDEPENDENCIA"	"1"	"2022-06-05 13:13:47"	\N	\N
"840"	"351"	"JUAN GERMÁN ROSCIO"	"1"	"2022-06-05 13:13:47"	\N	\N
"841"	"351"	"ROMÁN CÁRDENAS"	"1"	"2022-06-05 13:13:47"	\N	\N
"842"	"352"	"JÁUREGUI"	"1"	"2022-06-05 13:13:47"	\N	\N
"843"	"352"	"EMILIO CONSTANTINO GUERRERO"	"1"	"2022-06-05 13:13:47"	\N	\N
"844"	"352"	"MONSEÑOR MIGUEL ANTONIO SALAS"	"1"	"2022-06-05 13:13:47"	\N	\N
"845"	"353"	"JOSÉ MARÍA VARGAS"	"1"	"2022-06-05 13:13:47"	\N	\N
"846"	"354"	"JUNÍN"	"1"	"2022-06-05 13:13:47"	\N	\N
"847"	"354"	"LA PETRÓLEA"	"1"	"2022-06-05 13:13:47"	\N	\N
"848"	"354"	"QUINIMARÍ"	"1"	"2022-06-05 13:13:47"	\N	\N
"849"	"354"	"BRAMÓN"	"1"	"2022-06-05 13:13:47"	\N	\N
"850"	"355"	"LIBERTAD"	"1"	"2022-06-05 13:13:47"	\N	\N
"851"	"355"	"CIPRIANO CASTRO"	"1"	"2022-06-05 13:13:47"	\N	\N
"852"	"355"	"MANUEL FELIPE RUGELES"	"1"	"2022-06-05 13:13:47"	\N	\N
"853"	"356"	"LIBERTADOR"	"1"	"2022-06-05 13:13:47"	\N	\N
"854"	"356"	"DORADAS"	"1"	"2022-06-05 13:13:47"	\N	\N
"855"	"356"	"EMETERIO OCHOA"	"1"	"2022-06-05 13:13:47"	\N	\N
"856"	"356"	"SAN JOAQUÍN DE NAVAY"	"1"	"2022-06-05 13:13:47"	\N	\N
"857"	"357"	"LOBATERA"	"1"	"2022-06-05 13:13:47"	\N	\N
"858"	"357"	"CONSTITUCIÓN"	"1"	"2022-06-05 13:13:47"	\N	\N
"859"	"358"	"MICHELENA"	"1"	"2022-06-05 13:13:47"	\N	\N
"860"	"359"	"PANAMERICANO"	"1"	"2022-06-05 13:13:47"	\N	\N
"861"	"359"	"LA PALMITA"	"1"	"2022-06-05 13:13:47"	\N	\N
"862"	"360"	"PEDRO MARÍA UREÑA"	"1"	"2022-06-05 13:13:47"	\N	\N
"863"	"360"	"NUEVA ARCADIA"	"1"	"2022-06-05 13:13:47"	\N	\N
"864"	"361"	"DELICIAS"	"1"	"2022-06-05 13:13:47"	\N	\N
"865"	"361"	"PECAYA"	"1"	"2022-06-05 13:13:47"	\N	\N
"866"	"362"	"SAMUEL DARÍO MALDONADO"	"1"	"2022-06-05 13:13:47"	\N	\N
"867"	"362"	"BOCONÓ"	"1"	"2022-06-05 13:13:47"	\N	\N
"868"	"362"	"HERNÁNDEZ"	"1"	"2022-06-05 13:13:47"	\N	\N
"869"	"363"	"LA CONCORDIA"	"1"	"2022-06-05 13:13:47"	\N	\N
"870"	"363"	"SAN JUAN BAUTISTA"	"1"	"2022-06-05 13:13:47"	\N	\N
"871"	"363"	"PEDRO MARÍA MORANTES"	"1"	"2022-06-05 13:13:47"	\N	\N
"872"	"363"	"SAN SEBASTIÁN"	"1"	"2022-06-05 13:13:47"	\N	\N
"873"	"363"	"DR. FRANCISCO ROMERO LOBO"	"1"	"2022-06-05 13:13:47"	\N	\N
"874"	"364"	"SEBORUCO"	"1"	"2022-06-05 13:13:47"	\N	\N
"875"	"365"	"SIMÓN RODRÍGUEZ"	"1"	"2022-06-05 13:13:47"	\N	\N
"876"	"366"	"SUCRE"	"1"	"2022-06-05 13:13:47"	\N	\N
"877"	"366"	"ELEAZAR LÓPEZ CONTRERAS"	"1"	"2022-06-05 13:13:47"	\N	\N
"878"	"366"	"SAN PABLO"	"1"	"2022-06-05 13:13:47"	\N	\N
"879"	"367"	"TORBES"	"1"	"2022-06-05 13:13:47"	\N	\N
"880"	"368"	"URIBANTE"	"1"	"2022-06-05 13:13:47"	\N	\N
"881"	"368"	"CÁRDENAS"	"1"	"2022-06-05 13:13:47"	\N	\N
"882"	"368"	"JUAN PABLO PEÑALOSA"	"1"	"2022-06-05 13:13:47"	\N	\N
"883"	"368"	"POTOSÍ"	"1"	"2022-06-05 13:13:47"	\N	\N
"884"	"369"	"SAN JUDAS TADEO"	"1"	"2022-06-05 13:13:47"	\N	\N
"885"	"370"	"ARAGUANEY"	"1"	"2022-06-05 13:13:47"	\N	\N
"886"	"370"	"EL JAGUITO"	"1"	"2022-06-05 13:13:47"	\N	\N
"887"	"370"	"LA ESPERANZA"	"1"	"2022-06-05 13:13:47"	\N	\N
"888"	"370"	"SANTA ISABEL"	"1"	"2022-06-05 13:13:47"	\N	\N
"889"	"371"	"BOCONÓ"	"1"	"2022-06-05 13:13:47"	\N	\N
"890"	"371"	"EL CARMEN"	"1"	"2022-06-05 13:13:47"	\N	\N
"891"	"371"	"MOSQUEY"	"1"	"2022-06-05 13:13:47"	\N	\N
"892"	"371"	"AYACUCHO"	"1"	"2022-06-05 13:13:47"	\N	\N
"893"	"371"	"BURBUSAY"	"1"	"2022-06-05 13:13:47"	\N	\N
"894"	"371"	"GENERAL RIBAS"	"1"	"2022-06-05 13:13:47"	\N	\N
"895"	"371"	"GUARAMACAL"	"1"	"2022-06-05 13:13:47"	\N	\N
"896"	"371"	"VEGA DE GUARAMACAL"	"1"	"2022-06-05 13:13:47"	\N	\N
"897"	"371"	"MONSEÑOR JÁUREGUI"	"1"	"2022-06-05 13:13:47"	\N	\N
"898"	"371"	"RAFAEL RANGEL"	"1"	"2022-06-05 13:13:47"	\N	\N
"899"	"371"	"SAN MIGUEL"	"1"	"2022-06-05 13:13:47"	\N	\N
"900"	"371"	"SAN JOSÉ"	"1"	"2022-06-05 13:13:47"	\N	\N
"901"	"372"	"SABANA GRANDE"	"1"	"2022-06-05 13:13:47"	\N	\N
"902"	"372"	"CHEREGÜÉ"	"1"	"2022-06-05 13:13:47"	\N	\N
"903"	"372"	"GRANADOS"	"1"	"2022-06-05 13:13:47"	\N	\N
"904"	"373"	"ARNOLDO GABALDÓN"	"1"	"2022-06-05 13:13:47"	\N	\N
"905"	"373"	"BOLIVIA"	"1"	"2022-06-05 13:13:47"	\N	\N
"906"	"373"	"CARRILLO"	"1"	"2022-06-05 13:13:47"	\N	\N
"907"	"373"	"CEGARRA"	"1"	"2022-06-05 13:13:47"	\N	\N
"908"	"373"	"CHEJENDÉ"	"1"	"2022-06-05 13:13:47"	\N	\N
"909"	"373"	"MANUEL SALVADOR ULLOA"	"1"	"2022-06-05 13:13:47"	\N	\N
"910"	"373"	"SAN JOSÉ"	"1"	"2022-06-05 13:13:47"	\N	\N
"911"	"374"	"CARACHE"	"1"	"2022-06-05 13:13:47"	\N	\N
"912"	"374"	"LA CONCEPCIÓN"	"1"	"2022-06-05 13:13:47"	\N	\N
"913"	"374"	"CUICAS"	"1"	"2022-06-05 13:13:47"	\N	\N
"914"	"374"	"PANAMERICANA"	"1"	"2022-06-05 13:13:47"	\N	\N
"915"	"374"	"SANTA CRUZ"	"1"	"2022-06-05 13:13:47"	\N	\N
"916"	"375"	"ESCUQUE"	"1"	"2022-06-05 13:13:47"	\N	\N
"917"	"375"	"LA UNIÓN"	"1"	"2022-06-05 13:13:47"	\N	\N
"918"	"375"	"SANTA RITA"	"1"	"2022-06-05 13:13:47"	\N	\N
"919"	"375"	"SABANA LIBRE"	"1"	"2022-06-05 13:13:47"	\N	\N
"920"	"376"	"EL SOCORRO"	"1"	"2022-06-05 13:13:47"	\N	\N
"921"	"376"	"LOS CAPRICHOS"	"1"	"2022-06-05 13:13:47"	\N	\N
"922"	"376"	"ANTONIO JOSÉ DE SUCRE"	"1"	"2022-06-05 13:13:47"	\N	\N
"923"	"377"	"CAMPO ELÍAS"	"1"	"2022-06-05 13:13:47"	\N	\N
"924"	"377"	"ARNOLDO GABALDÓN"	"1"	"2022-06-05 13:13:47"	\N	\N
"925"	"378"	"SANTA APOLONIA"	"1"	"2022-06-05 13:13:47"	\N	\N
"926"	"378"	"EL PROGRESO"	"1"	"2022-06-05 13:13:47"	\N	\N
"927"	"378"	"LA CEIBA"	"1"	"2022-06-05 13:13:47"	\N	\N
"928"	"378"	"TRES DE FEBRERO"	"1"	"2022-06-05 13:13:47"	\N	\N
"929"	"379"	"EL DIVIDIVE"	"1"	"2022-06-05 13:13:47"	\N	\N
"930"	"379"	"AGUA SANTA"	"1"	"2022-06-05 13:13:47"	\N	\N
"931"	"379"	"AGUA CALIENTE"	"1"	"2022-06-05 13:13:47"	\N	\N
"932"	"379"	"EL CENIZO"	"1"	"2022-06-05 13:13:47"	\N	\N
"933"	"379"	"VALERITA"	"1"	"2022-06-05 13:13:47"	\N	\N
"934"	"380"	"MONTE CARMELO"	"1"	"2022-06-05 13:13:47"	\N	\N
"935"	"380"	"BUENA VISTA"	"1"	"2022-06-05 13:13:47"	\N	\N
"936"	"380"	"SANTA MARÍA DEL HORCÓN"	"1"	"2022-06-05 13:13:47"	\N	\N
"937"	"381"	"MOTATÁN"	"1"	"2022-06-05 13:13:47"	\N	\N
"938"	"381"	"EL BAÑO"	"1"	"2022-06-05 13:13:47"	\N	\N
"939"	"381"	"JALISCO"	"1"	"2022-06-05 13:13:47"	\N	\N
"940"	"382"	"PAMPÁN"	"1"	"2022-06-05 13:13:47"	\N	\N
"941"	"382"	"FLOR DE PATRIA"	"1"	"2022-06-05 13:13:47"	\N	\N
"942"	"382"	"LA PAZ"	"1"	"2022-06-05 13:13:47"	\N	\N
"943"	"382"	"SANTA ANA"	"1"	"2022-06-05 13:13:47"	\N	\N
"944"	"383"	"PAMPANITO"	"1"	"2022-06-05 13:13:47"	\N	\N
"945"	"383"	"LA CONCEPCIÓN"	"1"	"2022-06-05 13:13:47"	\N	\N
"946"	"383"	"PAMPANITO II"	"1"	"2022-06-05 13:13:47"	\N	\N
"947"	"384"	"BETIJOQUE"	"1"	"2022-06-05 13:13:47"	\N	\N
"948"	"384"	"JOSÉ GREGORIO HERNÁNDEZ"	"1"	"2022-06-05 13:13:47"	\N	\N
"949"	"384"	"LA PUEBLITA"	"1"	"2022-06-05 13:13:47"	\N	\N
"950"	"384"	"LOS CEDROS"	"1"	"2022-06-05 13:13:47"	\N	\N
"951"	"385"	"CARVAJAL"	"1"	"2022-06-05 13:13:47"	\N	\N
"952"	"385"	"CAMPO ALEGRE"	"1"	"2022-06-05 13:13:47"	\N	\N
"953"	"385"	"ANTONIO NICOLÁS BRICEÑO"	"1"	"2022-06-05 13:13:47"	\N	\N
"954"	"385"	"JOSÉ LEONARDO SUÁREZ"	"1"	"2022-06-05 13:13:47"	\N	\N
"955"	"386"	"SABANA DE MENDOZA"	"1"	"2022-06-05 13:13:47"	\N	\N
"956"	"386"	"JUNÍN"	"1"	"2022-06-05 13:13:47"	\N	\N
"957"	"386"	"VALMORE RODRÍGUEZ"	"1"	"2022-06-05 13:13:47"	\N	\N
"958"	"386"	"EL PARAÍSO"	"1"	"2022-06-05 13:13:47"	\N	\N
"959"	"387"	"ANDRÉS LINARES"	"1"	"2022-06-05 13:13:47"	\N	\N
"960"	"387"	"CHIQUINQUIRÁ"	"1"	"2022-06-05 13:13:47"	\N	\N
"961"	"387"	"CRISTÓBAL MENDOZA"	"1"	"2022-06-05 13:13:47"	\N	\N
"962"	"387"	"CRUZ CARRILLO"	"1"	"2022-06-05 13:13:47"	\N	\N
"963"	"387"	"MATRIZ"	"1"	"2022-06-05 13:13:47"	\N	\N
"964"	"387"	"MONSEÑOR CARRILLO"	"1"	"2022-06-05 13:13:47"	\N	\N
"965"	"387"	"TRES ESQUINAS"	"1"	"2022-06-05 13:13:47"	\N	\N
"966"	"388"	"CABIMBÚ"	"1"	"2022-06-05 13:13:47"	\N	\N
"967"	"388"	"JAJÓ"	"1"	"2022-06-05 13:13:47"	\N	\N
"968"	"388"	"LA MESA DE ESNUJAQUE"	"1"	"2022-06-05 13:13:47"	\N	\N
"969"	"388"	"SANTIAGO"	"1"	"2022-06-05 13:13:47"	\N	\N
"970"	"388"	"TUÑAME"	"1"	"2022-06-05 13:13:47"	\N	\N
"971"	"388"	"LA QUEBRADA"	"1"	"2022-06-05 13:13:47"	\N	\N
"972"	"389"	"JUAN IGNACIO MONTILLA"	"1"	"2022-06-05 13:13:47"	\N	\N
"973"	"389"	"LA BEATRIZ"	"1"	"2022-06-05 13:13:47"	\N	\N
"974"	"389"	"LA PUERTA"	"1"	"2022-06-05 13:13:47"	\N	\N
"975"	"389"	"MENDOZA DEL VALLE DE MOMBOY"	"1"	"2022-06-05 13:13:47"	\N	\N
"976"	"389"	"MERCEDES DÍAZ"	"1"	"2022-06-05 13:13:47"	\N	\N
"977"	"389"	"SAN LUIS"	"1"	"2022-06-05 13:13:47"	\N	\N
"978"	"390"	"CARABALLEDA"	"1"	"2022-06-05 13:13:47"	\N	\N
"979"	"390"	"CARAYACA"	"1"	"2022-06-05 13:13:47"	\N	\N
"980"	"390"	"CARLOS SOUBLETTE"	"1"	"2022-06-05 13:13:47"	\N	\N
"981"	"390"	"CARUAO CHUSPA"	"1"	"2022-06-05 13:13:47"	\N	\N
"982"	"390"	"CATIA LA MAR"	"1"	"2022-06-05 13:13:47"	\N	\N
"983"	"390"	"EL JUNKO"	"1"	"2022-06-05 13:13:47"	\N	\N
"984"	"390"	"LA GUAIRA"	"1"	"2022-06-05 13:13:47"	\N	\N
"985"	"390"	"MACUTO"	"1"	"2022-06-05 13:13:47"	\N	\N
"986"	"390"	"MAIQUETÍA"	"1"	"2022-06-05 13:13:47"	\N	\N
"987"	"390"	"NAIGUATÁ"	"1"	"2022-06-05 13:13:47"	\N	\N
"988"	"390"	"URIMARE"	"1"	"2022-06-05 13:13:47"	\N	\N
"989"	"391"	"ARÍSTIDES BASTIDAS"	"1"	"2022-06-05 13:13:47"	\N	\N
"990"	"392"	"BOLÍVAR"	"1"	"2022-06-05 13:13:47"	\N	\N
"991"	"407"	"CHIVACOA"	"1"	"2022-06-05 13:13:47"	\N	\N
"992"	"407"	"CAMPO ELÍAS"	"1"	"2022-06-05 13:13:47"	\N	\N
"993"	"408"	"COCOROTE"	"1"	"2022-06-05 13:13:47"	\N	\N
"994"	"409"	"INDEPENDENCIA"	"1"	"2022-06-05 13:13:47"	\N	\N
"995"	"410"	"JOSÉ ANTONIO PÁEZ"	"1"	"2022-06-05 13:13:47"	\N	\N
"996"	"411"	"LA TRINIDAD"	"1"	"2022-06-05 13:13:47"	\N	\N
"997"	"412"	"MANUEL MONGE"	"1"	"2022-06-05 13:13:47"	\N	\N
"998"	"413"	"SALÓM"	"1"	"2022-06-05 13:13:47"	\N	\N
"999"	"413"	"TEMERLA"	"1"	"2022-06-05 13:13:47"	\N	\N
"1000"	"413"	"NIRGUA"	"1"	"2022-06-05 13:13:47"	\N	\N
"1001"	"414"	"SAN ANDRÉS"	"1"	"2022-06-05 13:13:47"	\N	\N
"1002"	"414"	"YARITAGUA"	"1"	"2022-06-05 13:13:47"	\N	\N
"1003"	"415"	"SAN JAVIER"	"1"	"2022-06-05 13:13:47"	\N	\N
"1004"	"415"	"ALBARICO"	"1"	"2022-06-05 13:13:47"	\N	\N
"1005"	"415"	"SAN FELIPE"	"1"	"2022-06-05 13:13:47"	\N	\N
"1006"	"416"	"SUCRE"	"1"	"2022-06-05 13:13:47"	\N	\N
"1007"	"417"	"URACHICHE"	"1"	"2022-06-05 13:13:47"	\N	\N
"1008"	"418"	"EL GUAYABO"	"1"	"2022-06-05 13:13:47"	\N	\N
"1009"	"418"	"FARRIAR"	"1"	"2022-06-05 13:13:47"	\N	\N
"1010"	"441"	"ISLA DE TOAS"	"1"	"2022-06-05 13:13:47"	\N	\N
"1011"	"441"	"MONAGAS"	"1"	"2022-06-05 13:13:47"	\N	\N
"1012"	"442"	"SAN TIMOTEO"	"1"	"2022-06-05 13:13:47"	\N	\N
"1013"	"442"	"GENERAL URDANETA"	"1"	"2022-06-05 13:13:47"	\N	\N
"1014"	"442"	"LIBERTADOR"	"1"	"2022-06-05 13:13:47"	\N	\N
"1015"	"442"	"MARCELINO BRICEÑO"	"1"	"2022-06-05 13:13:47"	\N	\N
"1016"	"442"	"PUEBLO NUEVO"	"1"	"2022-06-05 13:13:47"	\N	\N
"1017"	"442"	"MANUEL GUANIPA MATOS"	"1"	"2022-06-05 13:13:47"	\N	\N
"1018"	"443"	"AMBROSIO"	"1"	"2022-06-05 13:13:47"	\N	\N
"1019"	"443"	"CARMEN HERRERA"	"1"	"2022-06-05 13:13:47"	\N	\N
"1020"	"443"	"LA ROSA"	"1"	"2022-06-05 13:13:47"	\N	\N
"1021"	"443"	"GERMÁN RÍOS LINARES"	"1"	"2022-06-05 13:13:47"	\N	\N
"1022"	"443"	"SAN BENITO"	"1"	"2022-06-05 13:13:47"	\N	\N
"1023"	"443"	"RÓMULO BETANCOURT"	"1"	"2022-06-05 13:13:47"	\N	\N
"1024"	"443"	"JORGE HERNÁNDEZ"	"1"	"2022-06-05 13:13:47"	\N	\N
"1025"	"443"	"PUNTA GORDA"	"1"	"2022-06-05 13:13:47"	\N	\N
"1026"	"443"	"ARÍSTIDES CALVANI"	"1"	"2022-06-05 13:13:47"	\N	\N
"1027"	"444"	"ENCONTRADOS"	"1"	"2022-06-05 13:13:47"	\N	\N
"1028"	"444"	"UDÓN PÉREZ"	"1"	"2022-06-05 13:13:47"	\N	\N
"1029"	"445"	"MORALITO"	"1"	"2022-06-05 13:13:47"	\N	\N
"1030"	"445"	"SAN CARLOS DEL ZULIA"	"1"	"2022-06-05 13:13:47"	\N	\N
"1031"	"445"	"SANTA CRUZ DEL ZULIA"	"1"	"2022-06-05 13:13:47"	\N	\N
"1032"	"445"	"SANTA BÁRBARA"	"1"	"2022-06-05 13:13:47"	\N	\N
"1033"	"445"	"URRIBARRÍ"	"1"	"2022-06-05 13:13:47"	\N	\N
"1034"	"446"	"CARLOS QUEVEDO"	"1"	"2022-06-05 13:13:47"	\N	\N
"1035"	"446"	"FRANCISCO JAVIER PULGAR"	"1"	"2022-06-05 13:13:47"	\N	\N
"1036"	"446"	"SIMÓN RODRÍGUEZ"	"1"	"2022-06-05 13:13:47"	\N	\N
"1037"	"446"	"GUAMO-GAVILANES"	"1"	"2022-06-05 13:13:47"	\N	\N
"1038"	"448"	"LA CONCEPCIÓN"	"1"	"2022-06-05 13:13:47"	\N	\N
"1039"	"448"	"SAN JOSÉ"	"1"	"2022-06-05 13:13:47"	\N	\N
"1040"	"448"	"MARIANO PARRA LEÓN"	"1"	"2022-06-05 13:13:47"	\N	\N
"1041"	"448"	"JOSÉ RAMÓN YÉPEZ"	"1"	"2022-06-05 13:13:47"	\N	\N
"1042"	"449"	"JESÚS MARÍA SEMPRÚN"	"1"	"2022-06-05 13:13:47"	\N	\N
"1043"	"449"	"BARÍ"	"1"	"2022-06-05 13:13:47"	\N	\N
"1044"	"450"	"CONCEPCIÓN"	"1"	"2022-06-05 13:13:47"	\N	\N
"1045"	"450"	"ANDRÉS BELLO"	"1"	"2022-06-05 13:13:47"	\N	\N
"1046"	"450"	"CHIQUINQUIRÁ"	"1"	"2022-06-05 13:13:47"	\N	\N
"1047"	"450"	"EL CARMELO"	"1"	"2022-06-05 13:13:47"	\N	\N
"1048"	"450"	"POTRERITOS"	"1"	"2022-06-05 13:13:47"	\N	\N
"1049"	"451"	"LIBERTAD"	"1"	"2022-06-05 13:13:47"	\N	\N
"1050"	"451"	"ALONSO DE OJEDA"	"1"	"2022-06-05 13:13:47"	\N	\N
"1051"	"451"	"VENEZUELA"	"1"	"2022-06-05 13:13:47"	\N	\N
"1052"	"451"	"ELEAZAR LÓPEZ CONTRERAS"	"1"	"2022-06-05 13:13:47"	\N	\N
"1053"	"451"	"CAMPO LARA"	"1"	"2022-06-05 13:13:47"	\N	\N
"1054"	"452"	"BARTOLOMÉ DE LAS CASAS"	"1"	"2022-06-05 13:13:47"	\N	\N
"1055"	"452"	"LIBERTAD"	"1"	"2022-06-05 13:13:47"	\N	\N
"1056"	"452"	"RÍO NEGRO"	"1"	"2022-06-05 13:13:47"	\N	\N
"1057"	"452"	"SAN JOSÉ DE PERIJÁ"	"1"	"2022-06-05 13:13:47"	\N	\N
"1058"	"453"	"SAN RAFAEL"	"1"	"2022-06-05 13:13:47"	\N	\N
"1059"	"453"	"LA SIERRITA"	"1"	"2022-06-05 13:13:47"	\N	\N
"1060"	"453"	"LAS PARCELAS"	"1"	"2022-06-05 13:13:47"	\N	\N
"1061"	"453"	"LUIS DE VICENTE"	"1"	"2022-06-05 13:13:47"	\N	\N
"1062"	"453"	"MONSEÑOR MARCOS SERGIO GODOY"	"1"	"2022-06-05 13:13:47"	\N	\N
"1063"	"453"	"RICAURTE"	"1"	"2022-06-05 13:13:47"	\N	\N
"1064"	"453"	"TAMARE"	"1"	"2022-06-05 13:13:47"	\N	\N
"1065"	"454"	"ANTONIO BORJAS ROMERO"	"1"	"2022-06-05 13:13:47"	\N	\N
"1066"	"454"	"BOLÍVAR"	"1"	"2022-06-05 13:13:47"	\N	\N
"1067"	"454"	"CACIQUE MARA"	"1"	"2022-06-05 13:13:47"	\N	\N
"1068"	"454"	"CARRACCIOLO PARRA PÉREZ"	"1"	"2022-06-05 13:13:47"	\N	\N
"1069"	"454"	"CECILIO ACOSTA"	"1"	"2022-06-05 13:13:47"	\N	\N
"1070"	"454"	"CRISTO DE ARANZA"	"1"	"2022-06-05 13:13:47"	\N	\N
"1071"	"454"	"COQUIVACOA"	"1"	"2022-06-05 13:13:47"	\N	\N
"1072"	"454"	"CHIQUINQUIRÁ"	"1"	"2022-06-05 13:13:47"	\N	\N
"1073"	"454"	"FRANCISCO EUGENIO BUSTAMANTE"	"1"	"2022-06-05 13:13:47"	\N	\N
"1074"	"454"	"IDELFONZO VÁSQUEZ"	"1"	"2022-06-05 13:13:47"	\N	\N
"1075"	"454"	"JUANA DE ÁVILA"	"1"	"2022-06-05 13:13:47"	\N	\N
"1076"	"454"	"LUIS HURTADO HIGUERA"	"1"	"2022-06-05 13:13:47"	\N	\N
"1077"	"454"	"MANUEL DAGNINO"	"1"	"2022-06-05 13:13:47"	\N	\N
"1078"	"454"	"OLEGARIO VILLALOBOS"	"1"	"2022-06-05 13:13:47"	\N	\N
"1079"	"454"	"RAÚL LEONI"	"1"	"2022-06-05 13:13:47"	\N	\N
"1080"	"454"	"SANTA LUCÍA"	"1"	"2022-06-05 13:13:47"	\N	\N
"1081"	"454"	"VENANCIO PULGAR"	"1"	"2022-06-05 13:13:47"	\N	\N
"1082"	"454"	"SAN ISIDRO"	"1"	"2022-06-05 13:13:47"	\N	\N
"1083"	"455"	"ALTAGRACIA"	"1"	"2022-06-05 13:13:47"	\N	\N
"1084"	"455"	"FARÍA"	"1"	"2022-06-05 13:13:47"	\N	\N
"1085"	"455"	"ANA MARÍA CAMPOS"	"1"	"2022-06-05 13:13:47"	\N	\N
"1086"	"455"	"SAN ANTONIO"	"1"	"2022-06-05 13:13:47"	\N	\N
"1087"	"455"	"SAN JOSÉ"	"1"	"2022-06-05 13:13:47"	\N	\N
"1088"	"456"	"DONALDO GARCÍA"	"1"	"2022-06-05 13:13:47"	\N	\N
"1089"	"456"	"EL ROSARIO"	"1"	"2022-06-05 13:13:47"	\N	\N
"1090"	"456"	"SIXTO ZAMBRANO"	"1"	"2022-06-05 13:13:47"	\N	\N
"1091"	"457"	"SAN FRANCISCO"	"1"	"2022-06-05 13:13:47"	\N	\N
"1092"	"457"	"EL BAJO"	"1"	"2022-06-05 13:13:47"	\N	\N
"1093"	"457"	"DOMITILA FLORES"	"1"	"2022-06-05 13:13:47"	\N	\N
"1094"	"457"	"FRANCISCO OCHOA"	"1"	"2022-06-05 13:13:47"	\N	\N
"1095"	"457"	"LOS CORTIJOS"	"1"	"2022-06-05 13:13:47"	\N	\N
"1096"	"457"	"MARCIAL HERNÁNDEZ"	"1"	"2022-06-05 13:13:47"	\N	\N
"1097"	"458"	"SANTA RITA"	"1"	"2022-06-05 13:13:47"	\N	\N
"1098"	"458"	"EL MENE"	"1"	"2022-06-05 13:13:47"	\N	\N
"1099"	"458"	"PEDRO LUCAS URRIBARRÍ"	"1"	"2022-06-05 13:13:47"	\N	\N
"1100"	"458"	"JOSÉ CENOBIO URRIBARRÍ"	"1"	"2022-06-05 13:13:47"	\N	\N
"1101"	"459"	"RAFAEL MARIA BARALT"	"1"	"2022-06-05 13:13:47"	\N	\N
"1102"	"459"	"MANUEL MANRIQUE"	"1"	"2022-06-05 13:13:47"	\N	\N
"1103"	"459"	"RAFAEL URDANETA"	"1"	"2022-06-05 13:13:47"	\N	\N
"1104"	"460"	"BOBURES"	"1"	"2022-06-05 13:13:47"	\N	\N
"1105"	"460"	"GIBRALTAR"	"1"	"2022-06-05 13:13:47"	\N	\N
"1106"	"460"	"HERAS"	"1"	"2022-06-05 13:13:47"	\N	\N
"1107"	"460"	"MONSEÑOR ARTURO ÁLVAREZ"	"1"	"2022-06-05 13:13:47"	\N	\N
"1108"	"460"	"RÓMULO GALLEGOS"	"1"	"2022-06-05 13:13:47"	\N	\N
"1109"	"460"	"EL BATEY"	"1"	"2022-06-05 13:13:47"	\N	\N
"1110"	"461"	"RAFAEL URDANETA"	"1"	"2022-06-05 13:13:47"	\N	\N
"1111"	"461"	"LA VICTORIA"	"1"	"2022-06-05 13:13:47"	\N	\N
"1112"	"461"	"RAÚL CUENCA"	"1"	"2022-06-05 13:13:47"	\N	\N
"1113"	"447"	"SINAMAICA"	"1"	"2022-06-05 13:13:47"	\N	\N
"1114"	"447"	"ALTA GUAJIRA"	"1"	"2022-06-05 13:13:47"	\N	\N
"1115"	"447"	"ELÍAS SÁNCHEZ RUBIO"	"1"	"2022-06-05 13:13:47"	\N	\N
"1116"	"447"	"GUAJIRA"	"1"	"2022-06-05 13:13:47"	\N	\N
"1117"	"462"	"ALTAGRACIA"	"1"	"2022-06-05 13:13:47"	\N	\N
"1118"	"462"	"ANTÍMANO"	"1"	"2022-06-05 13:13:47"	\N	\N
"1119"	"462"	"CARICUAO"	"1"	"2022-06-05 13:13:47"	\N	\N
"1120"	"462"	"CATEDRAL"	"1"	"2022-06-05 13:13:47"	\N	\N
"1121"	"462"	"COCHE"	"1"	"2022-06-05 13:13:47"	\N	\N
"1122"	"462"	"EL JUNQUITO"	"1"	"2022-06-05 13:13:47"	\N	\N
"1123"	"462"	"EL PARAÍSO"	"1"	"2022-06-05 13:13:47"	\N	\N
"1124"	"462"	"EL RECREO"	"1"	"2022-06-05 13:13:47"	\N	\N
"1125"	"462"	"EL VALLE"	"1"	"2022-06-05 13:13:47"	\N	\N
"1126"	"462"	"LA CANDELARIA"	"1"	"2022-06-05 13:13:47"	\N	\N
"1127"	"462"	"LA PASTORA"	"1"	"2022-06-05 13:13:47"	\N	\N
"1128"	"462"	"LA VEGA"	"1"	"2022-06-05 13:13:47"	\N	\N
"1129"	"462"	"MACARAO"	"1"	"2022-06-05 13:13:47"	\N	\N
"1130"	"462"	"SAN AGUSTÍN"	"1"	"2022-06-05 13:13:47"	\N	\N
"1131"	"462"	"SAN BERNARDINO"	"1"	"2022-06-05 13:13:47"	\N	\N
"1132"	"462"	"SAN JOSÉ"	"1"	"2022-06-05 13:13:47"	\N	\N
"1133"	"462"	"SAN JUAN"	"1"	"2022-06-05 13:13:47"	\N	\N
"1134"	"462"	"SAN PEDRO"	"1"	"2022-06-05 13:13:47"	\N	\N
"1135"	"462"	"SANTA ROSALÍA"	"1"	"2022-06-05 13:13:47"	\N	\N
"1136"	"462"	"SANTA TERESA"	"1"	"2022-06-05 13:13:47"	\N	\N
"1137"	"462"	"SUCRE (CATIA)"	"1"	"2022-06-05 13:13:47"	\N	\N
"1138"	"462"	"23 DE ENERO"	"1"	"2022-06-05 13:13:47"	\N	\N
"1139"	"41"	"LA VICTORIA"	"1"	"2024-10-01 19:27:38"	\N	\N
"2278"	"41"	"LA VICTORIA"	"0"	"2024-10-01 19:30:02"	\N	"2024-10-01 15:31:19"
"2279"	"42"	"EL CONSEJO"	"1"	"2024-10-01 20:09:13"	\N	\N
"2280"	"53"	"VILLA DE CURA"	"1"	"2024-10-01 20:23:54"	\N	\N
"2281"	"49"	"TEJERIAS"	"1"	"2024-10-01 20:24:18"	\N	\N
"2282"	"390"	"TANAGUARENAS"	"1"	"2024-10-02 09:17:51"	\N	\N
"2283"	"81"	"URAMA"	"1"	"2024-10-16 08:16:45"	\N	\N
"2284"	"282"	"AGUA BLANCA"	"1"	"2024-10-20 20:06:36"	\N	\N
"2285"	"391"	"SAN PABLO"	"1"	"2024-10-21 09:29:59"	\N	\N
"2286"	"392"	"AROA"	"1"	"2024-10-21 09:31:01"	\N	\N
"2288"	"410"	"SABANA DE PARRA"	"1"	"2024-10-21 09:35:38"	\N	\N
"2289"	"411"	"BORAURE"	"1"	"2024-10-21 09:36:06"	\N	\N
"2290"	"412"	"YUMARE"	"1"	"2024-10-21 09:36:39"	\N	\N
"2291"	"416"	"GUAMA"	"1"	"2024-10-21 09:38:42"	\N	\N
"2292"	"463"	"EL GUAYABO"	"1"	"2024-10-21 09:42:19"	\N	\N
"2293"	"463"	"FARRIAL"	"1"	"2024-10-21 09:42:39"	\N	\N
"2294"	"464"	"CACIQUE MANAURE"	"1"	"2024-10-21 13:47:06"	\N	\N
"2295"	"108"	"PUERTO CUMAREBO"	"1"	"2024-10-21 13:53:11"	\N	\N
"2296"	"119"	"SAN ANTONIO"	"1"	"2024-10-21 13:53:43"	\N	\N
"2297"	"465"	"TUCACAS"	"1"	"2024-10-21 13:54:47"	\N	\N
"2298"	"341"	"CORDERO"	"1"	"2024-10-28 09:30:53"	\N	\N
"2299"	"344"	"SAN ANTONIO"	"1"	"2024-10-28 09:32:21"	\N	\N
"2300"	"345"	"TARIBA"	"1"	"2024-10-28 09:34:13"	\N	\N
"2301"	"346"	"SANTA ANA"	"1"	"2024-10-28 09:35:13"	\N	\N
"2302"	"349"	"LA FRIA"	"1"	"2024-10-28 09:36:19"	\N	\N
"2303"	"350"	"PALMIRA"	"1"	"2024-10-28 09:37:04"	\N	\N
"2304"	"351"	"CAPACHO VIEJO"	"1"	"2024-10-28 09:38:43"	\N	\N
"2305"	"352"	"LA GRITA"	"1"	"2024-10-28 09:39:34"	\N	\N
"2306"	"353"	"EL COBRE"	"1"	"2024-10-28 09:40:30"	\N	\N
"2307"	"354"	"RUBIO"	"1"	"2024-10-28 09:41:33"	\N	\N
"2308"	"355"	"CAPACHO NUEVO"	"1"	"2024-10-28 09:57:05"	\N	\N
"2309"	"367"	"SAN JOSECITO"	"1"	"2024-10-28 09:58:46"	\N	\N
"2310"	"146"	"GUERRERA ANA SOTO"	"1"	"2024-10-28 10:19:22"	\N	\N
"2311"	"263"	"CAPITAL EZEQUIEL ZAMORA"	"1"	"2024-10-28 11:59:46"	\N	\N
"2312"	"265"	"MATURIN"	"1"	"2024-10-28 12:09:27"	\N	\N
"2313"	"265"	"SANTA CRUZ"	"1"	"2024-10-28 12:16:06"	\N	\N
"2314"	"387"	"LA CONCEPCION"	"1"	"2024-10-31 12:44:13"	\N	\N
"2315"	"271"	"PLAZA DE PARAGUACHI"	"1"	"2024-11-12 11:36:24"	\N	\N
"2316"	"272"	"LA ASUNCION"	"1"	"2024-11-12 11:40:21"	\N	\N
"2317"	"275"	"PAMPATAR"	"1"	"2024-11-12 11:55:58"	\N	\N
"2318"	"279"	"PUNTA DE PIEDRA"	"1"	"2024-11-12 12:17:30"	\N	\N
